nu_cm1,S_cm3_per_mol_x1e20,xfac,tdep_exp
-4.0,8.391000e-13,1.000000,0.000000e+00
-2.0,8.359000e-13,1.000000,0.000000e+00
0.0,8.345000e-13,1.000000,0.000000e+00
2.0,8.359000e-13,1.000000,0.000000e+00
4.0,8.391000e-13,1.000000,0.000000e+00
6.0,8.439000e-13,1.000000,0.000000e+00
8.0,8.500000e-13,1.000000,0.000000e+00
10.0,8.573000e-13,1.000000,0.000000e+00
12.0,8.655000e-13,1.000000,0.000000e+00
14.0,8.750000e-13,1.000000,0.000000e+00
16.0,8.859000e-13,1.000000,0.000000e+00
18.0,8.981000e-13,1.000000,0.000000e+00
20.0,9.119000e-13,1.000000,0.000000e+00
22.0,9.273000e-13,1.000000,0.000000e+00
24.0,9.442000e-13,1.000000,0.000000e+00
26.0,9.626000e-13,1.000000,0.000000e+00
28.0,9.825000e-13,1.000000,0.000000e+00
30.0,1.004000e-12,1.000000,0.000000e+00
32.0,1.027000e-12,1.000000,0.000000e+00
34.0,1.052000e-12,1.000000,0.000000e+00
36.0,1.078000e-12,1.000000,0.000000e+00
38.0,1.106000e-12,1.000000,0.000000e+00
40.0,1.135000e-12,1.000000,0.000000e+00
42.0,1.166000e-12,1.000000,0.000000e+00
44.0,1.199000e-12,1.000000,0.000000e+00
46.0,1.233000e-12,1.000000,0.000000e+00
48.0,1.270000e-12,1.000000,0.000000e+00
50.0,1.308000e-12,1.000000,0.000000e+00
52.0,1.347000e-12,1.000000,0.000000e+00
54.0,1.389000e-12,1.000000,0.000000e+00
56.0,1.432000e-12,1.000000,0.000000e+00
58.0,1.478000e-12,1.000000,0.000000e+00
60.0,1.525000e-12,1.000000,0.000000e+00
62.0,1.574000e-12,1.000000,0.000000e+00
64.0,1.625000e-12,1.000000,0.000000e+00
66.0,1.678000e-12,1.000000,0.000000e+00
68.0,1.734000e-12,1.000000,0.000000e+00
70.0,1.791000e-12,1.000000,0.000000e+00
72.0,1.850000e-12,1.000000,0.000000e+00
74.0,1.912000e-12,1.000000,0.000000e+00
76.0,1.976000e-12,1.000000,0.000000e+00
78.0,2.042000e-12,1.000000,0.000000e+00
80.0,2.110000e-12,1.000000,0.000000e+00
82.0,2.181000e-12,1.000000,0.000000e+00
84.0,2.254000e-12,1.000000,0.000000e+00
86.0,2.329000e-12,1.000000,0.000000e+00
88.0,2.408000e-12,1.000000,0.000000e+00
90.0,2.488000e-12,1.000000,0.000000e+00
92.0,2.572000e-12,1.000000,0.000000e+00
94.0,2.658000e-12,1.000000,0.000000e+00
96.0,2.746000e-12,1.000000,0.000000e+00
98.0,2.838000e-12,1.000000,0.000000e+00
100.0,2.933000e-12,1.000000,0.000000e+00
102.0,3.030000e-12,1.000000,0.000000e+00
104.0,3.130000e-12,1.000000,0.000000e+00
106.0,3.234000e-12,1.000000,0.000000e+00
108.0,3.341000e-12,1.000000,0.000000e+00
110.0,3.451000e-12,1.000000,0.000000e+00
112.0,3.564000e-12,1.000000,0.000000e+00
114.0,3.681000e-12,1.000000,0.000000e+00
116.0,3.801000e-12,1.000000,0.000000e+00
118.0,3.925000e-12,1.000000,0.000000e+00
120.0,4.053000e-12,1.000000,0.000000e+00
122.0,4.184000e-12,1.000000,0.000000e+00
124.0,4.320000e-12,1.000000,0.000000e+00
126.0,4.459000e-12,1.000000,0.000000e+00
128.0,4.603000e-12,1.000000,0.000000e+00
130.0,4.750000e-12,1.000000,0.000000e+00
132.0,4.902000e-12,1.000000,0.000000e+00
134.0,5.059000e-12,1.000000,0.000000e+00
136.0,5.220000e-12,1.000000,0.000000e+00
138.0,5.386000e-12,1.000000,0.000000e+00
140.0,5.556000e-12,1.000000,0.000000e+00
142.0,5.732000e-12,1.000000,0.000000e+00
144.0,5.912000e-12,1.000000,0.000000e+00
146.0,6.098000e-12,1.000000,0.000000e+00
148.0,6.290000e-12,1.000000,0.000000e+00
150.0,6.487000e-12,1.000000,0.000000e+00
152.0,6.689000e-12,1.000000,0.000000e+00
154.0,6.897000e-12,1.000000,0.000000e+00
156.0,7.112000e-12,1.000000,0.000000e+00
158.0,7.333000e-12,1.000000,0.000000e+00
160.0,7.560000e-12,1.000000,0.000000e+00
162.0,7.793000e-12,1.000000,0.000000e+00
164.0,8.034000e-12,1.000000,0.000000e+00
166.0,8.281000e-12,1.000000,0.000000e+00
168.0,8.535000e-12,1.000000,0.000000e+00
170.0,8.797000e-12,1.000000,0.000000e+00
172.0,9.067000e-12,1.000000,0.000000e+00
174.0,9.344000e-12,1.000000,0.000000e+00
176.0,9.629000e-12,1.000000,0.000000e+00
178.0,9.923000e-12,1.000000,0.000000e+00
180.0,1.023000e-11,1.000000,0.000000e+00
182.0,1.054000e-11,1.000000,0.000000e+00
184.0,1.086000e-11,1.000000,0.000000e+00
186.0,1.119000e-11,1.000000,0.000000e+00
188.0,1.152000e-11,1.000000,0.000000e+00
190.0,1.187000e-11,1.000000,0.000000e+00
192.0,1.223000e-11,1.000000,0.000000e+00
194.0,1.260000e-11,1.000000,0.000000e+00
196.0,1.298000e-11,1.000000,0.000000e+00
198.0,1.338000e-11,1.000000,0.000000e+00
200.0,1.378000e-11,1.000000,0.000000e+00
202.0,1.419000e-11,1.000000,0.000000e+00
204.0,1.462000e-11,1.000000,0.000000e+00
206.0,1.506000e-11,1.000000,0.000000e+00
208.0,1.552000e-11,1.000000,0.000000e+00
210.0,1.598000e-11,1.000000,0.000000e+00
212.0,1.646000e-11,1.000000,0.000000e+00
214.0,1.696000e-11,1.000000,0.000000e+00
216.0,1.747000e-11,1.000000,0.000000e+00
218.0,1.799000e-11,1.000000,0.000000e+00
220.0,1.854000e-11,1.000000,0.000000e+00
222.0,1.909000e-11,1.000000,0.000000e+00
224.0,1.967000e-11,1.000000,0.000000e+00
226.0,2.026000e-11,1.000000,0.000000e+00
228.0,2.087000e-11,1.000000,0.000000e+00
230.0,2.150000e-11,1.000000,0.000000e+00
232.0,2.214000e-11,1.000000,0.000000e+00
234.0,2.281000e-11,1.000000,0.000000e+00
236.0,2.350000e-11,1.000000,0.000000e+00
238.0,2.421000e-11,1.000000,0.000000e+00
240.0,2.494000e-11,1.000000,0.000000e+00
242.0,2.569000e-11,1.000000,0.000000e+00
244.0,2.647000e-11,1.000000,0.000000e+00
246.0,2.727000e-11,1.000000,0.000000e+00
248.0,2.810000e-11,1.000000,0.000000e+00
250.0,2.895000e-11,1.000000,0.000000e+00
252.0,2.983000e-11,1.000000,0.000000e+00
254.0,3.073000e-11,1.000000,0.000000e+00
256.0,3.167000e-11,1.000000,0.000000e+00
258.0,3.263000e-11,1.000000,0.000000e+00
260.0,3.363000e-11,1.000000,0.000000e+00
262.0,3.466000e-11,1.000000,0.000000e+00
264.0,3.572000e-11,1.000000,0.000000e+00
266.0,3.681000e-11,1.000000,0.000000e+00
268.0,3.794000e-11,1.000000,0.000000e+00
270.0,3.910000e-11,1.000000,0.000000e+00
272.0,4.031000e-11,1.000000,0.000000e+00
274.0,4.155000e-11,1.000000,0.000000e+00
276.0,4.283000e-11,1.000000,0.000000e+00
278.0,4.416000e-11,1.000000,0.000000e+00
280.0,4.552000e-11,1.000000,0.000000e+00
282.0,4.694000e-11,1.000000,0.000000e+00
284.0,4.840000e-11,1.000000,0.000000e+00
286.0,4.991000e-11,1.000000,0.000000e+00
288.0,5.147000e-11,1.000000,0.000000e+00
290.0,5.308000e-11,1.000000,0.000000e+00
292.0,5.474000e-11,1.000000,0.000000e+00
294.0,5.646000e-11,1.000000,0.000000e+00
296.0,5.824000e-11,1.000000,0.000000e+00
298.0,6.008000e-11,1.000000,0.000000e+00
300.0,6.199000e-11,1.000000,0.000000e+00
302.0,6.395000e-11,1.000000,0.000000e+00
304.0,6.599000e-11,1.000000,0.000000e+00
306.0,6.809000e-11,1.000000,0.000000e+00
308.0,7.027000e-11,1.000000,0.000000e+00
310.0,7.253000e-11,1.000000,0.000000e+00
312.0,7.486000e-11,1.000000,0.000000e+00
314.0,7.728000e-11,1.000000,0.000000e+00
316.0,7.978000e-11,1.000000,0.000000e+00
318.0,8.237000e-11,1.000000,0.000000e+00
320.0,8.505000e-11,1.000000,0.000000e+00
322.0,8.782000e-11,1.000000,0.000000e+00
324.0,9.070000e-11,1.000000,0.000000e+00
326.0,9.368000e-11,1.000000,0.000000e+00
328.0,9.677000e-11,1.000000,0.000000e+00
330.0,9.997000e-11,1.000000,0.000000e+00
332.0,1.033000e-10,1.000000,0.000000e+00
334.0,1.067000e-10,1.000000,0.000000e+00
336.0,1.103000e-10,1.000000,0.000000e+00
338.0,1.140000e-10,1.000000,0.000000e+00
340.0,1.178000e-10,1.000000,0.000000e+00
342.0,1.218000e-10,1.000000,0.000000e+00
344.0,1.259000e-10,1.000000,0.000000e+00
346.0,1.302000e-10,1.000000,0.000000e+00
348.0,1.347000e-10,1.000000,0.000000e+00
350.0,1.393000e-10,1.000000,0.000000e+00
352.0,1.441000e-10,1.000000,0.000000e+00
354.0,1.491000e-10,1.000000,0.000000e+00
356.0,1.542000e-10,1.000000,0.000000e+00
358.0,1.596000e-10,1.000000,0.000000e+00
360.0,1.652000e-10,1.000000,0.000000e+00
362.0,1.710000e-10,1.000000,0.000000e+00
364.0,1.770000e-10,1.000000,0.000000e+00
366.0,1.833000e-10,1.000000,0.000000e+00
368.0,1.899000e-10,1.000000,0.000000e+00
370.0,1.966000e-10,1.000000,0.000000e+00
372.0,2.037000e-10,1.000000,0.000000e+00
374.0,2.111000e-10,1.000000,0.000000e+00
376.0,2.187000e-10,1.000000,0.000000e+00
378.0,2.267000e-10,1.000000,0.000000e+00
380.0,2.350000e-10,1.000000,0.000000e+00
382.0,2.437000e-10,1.000000,0.000000e+00
384.0,2.527000e-10,1.000000,0.000000e+00
386.0,2.621000e-10,1.000000,0.000000e+00
388.0,2.719000e-10,1.000000,0.000000e+00
390.0,2.821000e-10,1.000000,0.000000e+00
392.0,2.928000e-10,1.000000,0.000000e+00
394.0,3.039000e-10,1.000000,0.000000e+00
396.0,3.155000e-10,1.000000,0.000000e+00
398.0,3.276000e-10,1.000000,0.000000e+00
400.0,3.403000e-10,1.000000,0.000000e+00
402.0,3.535000e-10,1.000000,0.000000e+00
404.0,3.674000e-10,1.000000,0.000000e+00
406.0,3.818000e-10,1.000000,0.000000e+00
408.0,3.969000e-10,1.000000,0.000000e+00
410.0,4.127000e-10,1.000000,0.000000e+00
412.0,4.293000e-10,1.000000,0.000000e+00
414.0,4.466000e-10,1.000000,0.000000e+00
416.0,4.647000e-10,1.000000,0.000000e+00
418.0,4.837000e-10,1.000000,0.000000e+00
420.0,5.036000e-10,1.000000,0.000000e+00
422.0,5.245000e-10,1.000000,0.000000e+00
424.0,5.464000e-10,1.000000,0.000000e+00
426.0,5.695000e-10,1.000000,0.000000e+00
428.0,5.937000e-10,1.000000,0.000000e+00
430.0,6.191000e-10,1.000000,0.000000e+00
432.0,6.459000e-10,1.000000,0.000000e+00
434.0,6.742000e-10,1.000000,0.000000e+00
436.0,7.039000e-10,1.000000,0.000000e+00
438.0,7.353000e-10,1.000000,0.000000e+00
440.0,7.683000e-10,1.000000,0.000000e+00
442.0,8.032000e-10,1.000000,0.000000e+00
444.0,8.400000e-10,1.000000,0.000000e+00
446.0,8.785000e-10,1.000000,0.000000e+00
448.0,9.213000e-10,1.000000,0.000000e+00
450.0,9.661000e-10,1.000000,0.000000e+00
452.0,1.013000e-09,1.000000,0.000000e+00
454.0,1.062000e-09,1.000000,0.000000e+00
456.0,1.114000e-09,1.000000,0.000000e+00
458.0,1.169000e-09,1.000000,0.000000e+00
460.0,1.226000e-09,1.000000,0.000000e+00
462.0,1.286000e-09,1.000000,0.000000e+00
464.0,1.350000e-09,1.000000,0.000000e+00
466.0,1.417000e-09,1.000000,0.000000e+00
468.0,1.488000e-09,1.000000,0.000000e+00
470.0,1.564000e-09,1.000000,0.000000e+00
472.0,1.643000e-09,1.000000,0.000000e+00
474.0,1.728000e-09,1.000000,0.000000e+00
476.0,1.818000e-09,1.000000,0.000000e+00
478.0,1.914000e-09,1.000000,0.000000e+00
480.0,2.016000e-09,1.000000,0.000000e+00
482.0,2.126000e-09,1.000000,0.000000e+00
484.0,2.244000e-09,1.000000,0.000000e+00
486.0,2.378000e-09,1.000000,0.000000e+00
488.0,2.522000e-09,1.000000,0.000000e+00
490.0,2.677000e-09,1.000000,0.000000e+00
492.0,2.843000e-09,1.000000,0.000000e+00
494.0,3.024000e-09,1.000000,0.000000e+00
496.0,3.220000e-09,1.000000,0.000000e+00
498.0,3.437000e-09,1.000000,0.000000e+00
500.0,3.676000e-09,1.000000,0.000000e+00
502.0,3.941000e-09,1.000000,0.000000e+00
504.0,4.236000e-09,1.000000,0.000000e+00
506.0,4.565000e-09,1.000000,0.000000e+00
508.0,4.931000e-09,1.000000,0.000000e+00
510.0,5.336000e-09,1.000000,0.000000e+00
512.0,5.784000e-09,1.000000,0.000000e+00
514.0,6.276000e-09,1.000000,0.000000e+00
516.0,6.817000e-09,1.000000,0.000000e+00
518.0,7.410000e-09,1.000000,0.000000e+00
520.0,8.108000e-09,1.000000,0.000000e+00
522.0,9.238000e-09,1.000000,0.000000e+00
524.0,1.044000e-08,1.000000,0.000000e+00
526.0,1.167000e-08,1.000000,0.000000e+00
528.0,1.292000e-08,1.000000,0.000000e+00
530.0,1.419000e-08,1.000000,0.000000e+00
532.0,1.548000e-08,1.000000,0.000000e+00
534.0,1.679000e-08,1.000000,0.000000e+00
536.0,1.816000e-08,1.000000,0.000000e+00
538.0,1.956000e-08,1.000000,0.000000e+00
540.0,2.103000e-08,1.000000,0.000000e+00
542.0,2.258000e-08,1.000000,0.000000e+00
544.0,2.425000e-08,1.000000,0.000000e+00
546.0,2.609000e-08,1.000000,0.000000e+00
548.0,2.815000e-08,1.000000,0.000000e+00
550.0,3.051000e-08,1.000000,0.000000e+00
552.0,3.326000e-08,1.000000,0.000000e+00
554.0,3.653000e-08,1.000000,0.000000e+00
556.0,4.040000e-08,1.000000,0.000000e+00
558.0,4.546000e-08,1.000000,0.000000e+00
560.0,5.160000e-08,1.000000,0.000000e+00
562.0,5.909000e-08,1.000000,0.000000e+00
564.0,6.836000e-08,1.000000,0.000000e+00
566.0,7.995000e-08,1.000000,0.000000e+00
568.0,9.457000e-08,1.000000,0.000000e+00
570.0,1.130000e-07,1.000000,0.000000e+00
572.0,1.366000e-07,1.000000,0.000000e+00
574.0,1.731000e-07,1.000000,0.000000e+00
576.0,2.156000e-07,1.000000,0.000000e+00
578.0,2.655000e-07,1.000000,0.000000e+00
580.0,3.241000e-07,1.000000,0.000000e+00
582.0,3.927000e-07,1.000000,0.000000e+00
584.0,4.723000e-07,1.000000,0.000000e+00
586.0,5.639000e-07,1.000000,0.000000e+00
588.0,6.685000e-07,1.000000,0.000000e+00
590.0,7.872000e-07,1.000000,0.000000e+00
592.0,9.510000e-07,1.000000,0.000000e+00
594.0,1.199000e-06,1.000000,0.000000e+00
596.0,1.528000e-06,1.000000,0.000000e+00
598.0,1.847000e-06,1.000000,0.000000e+00
600.0,2.155000e-06,1.000000,0.000000e+00
602.0,2.453000e-06,1.000000,0.000000e+00
604.0,2.742000e-06,1.000000,0.000000e+00
606.0,3.026000e-06,1.000000,0.000000e+00
608.0,3.308000e-06,1.000000,0.000000e+00
610.0,3.594000e-06,1.000000,0.000000e+00
612.0,3.895000e-06,1.000000,0.000000e+00
614.0,4.227000e-06,1.000000,0.000000e+00
616.0,4.609000e-06,1.000000,0.000000e+00
618.0,5.073000e-06,1.000000,0.000000e+00
620.0,5.660000e-06,1.000000,0.000000e+00
622.0,6.406000e-06,1.000000,0.000000e+00
624.0,7.410000e-06,1.000000,0.000000e+00
626.0,8.801000e-06,1.000000,0.000000e+00
628.0,1.052000e-05,1.000000,0.000000e+00
630.0,1.261000e-05,1.000000,0.000000e+00
632.0,1.512000e-05,1.000000,0.000000e+00
634.0,1.808000e-05,1.000000,0.000000e+00
636.0,2.149000e-05,1.000000,0.000000e+00
638.0,2.535000e-05,1.000000,0.000000e+00
640.0,2.970000e-05,1.000000,0.000000e+00
642.0,3.413000e-05,1.000000,0.000000e+00
644.0,4.573000e-05,1.000000,0.000000e+00
646.0,6.122000e-05,1.000000,0.000000e+00
648.0,7.642000e-05,1.000000,0.000000e+00
650.0,9.099000e-05,1.000000,0.000000e+00
652.0,1.048000e-04,1.000000,0.000000e+00
654.0,1.176000e-04,1.000000,0.000000e+00
656.0,1.294000e-04,1.000000,0.000000e+00
658.0,1.398000e-04,1.000000,0.000000e+00
660.0,1.488000e-04,1.000000,0.000000e+00
662.0,1.561000e-04,1.000000,0.000000e+00
664.0,1.616000e-04,1.000000,0.000000e+00
666.0,1.653000e-04,1.000000,0.000000e+00
668.0,1.670000e-04,1.000000,0.000000e+00
670.0,1.666000e-04,1.000000,0.000000e+00
672.0,1.642000e-04,1.000000,0.000000e+00
674.0,1.599000e-04,1.000000,0.000000e+00
676.0,1.538000e-04,1.000000,0.000000e+00
678.0,1.460000e-04,1.000000,0.000000e+00
680.0,1.365000e-04,1.000000,0.000000e+00
682.0,1.256000e-04,1.000000,0.000000e+00
684.0,1.132000e-04,1.000000,0.000000e+00
686.0,9.969000e-05,1.000000,0.000000e+00
688.0,8.499000e-05,1.000000,0.000000e+00
690.0,6.925000e-05,1.000000,0.000000e+00
692.0,5.260000e-05,1.000000,0.000000e+00
694.0,4.198000e-05,1.000000,0.000000e+00
696.0,3.475000e-05,1.000000,0.000000e+00
698.0,2.933000e-05,1.000000,0.000000e+00
700.0,2.457000e-05,1.000000,0.000000e+00
702.0,2.043000e-05,1.000000,0.000000e+00
704.0,1.690000e-05,1.000000,0.000000e+00
706.0,1.394000e-05,1.000000,0.000000e+00
708.0,1.151000e-05,1.000000,0.000000e+00
710.0,9.559000e-06,1.000000,0.000000e+00
712.0,8.021000e-06,1.000000,0.000000e+00
714.0,6.826000e-06,1.000000,0.000000e+00
716.0,5.920000e-06,1.000000,0.000000e+00
718.0,5.232000e-06,1.000000,0.000000e+00
720.0,4.703000e-06,1.000000,0.000000e+00
722.0,4.285000e-06,1.000000,0.000000e+00
724.0,3.941000e-06,1.000000,0.000000e+00
726.0,3.643000e-06,1.000000,0.000000e+00
728.0,3.368000e-06,1.000000,0.000000e+00
730.0,3.106000e-06,1.000000,0.000000e+00
732.0,2.847000e-06,1.000000,0.000000e+00
734.0,2.585000e-06,1.000000,0.000000e+00
736.0,2.316000e-06,1.000000,0.000000e+00
738.0,2.040000e-06,1.000000,0.000000e+00
740.0,1.755000e-06,1.000000,0.000000e+00
742.0,1.463000e-06,1.000000,0.000000e+00
744.0,1.165000e-06,1.000000,0.000000e+00
746.0,9.093000e-07,1.000000,0.000000e+00
748.0,8.070000e-07,1.000000,0.000000e+00
750.0,6.991000e-07,1.000000,0.000000e+00
752.0,6.009000e-07,1.000000,0.000000e+00
754.0,5.118000e-07,1.000000,0.000000e+00
756.0,4.319000e-07,1.000000,0.000000e+00
758.0,3.612000e-07,1.000000,0.000000e+00
760.0,2.996000e-07,1.000000,0.000000e+00
762.0,2.465000e-07,1.000000,0.000000e+00
764.0,2.012000e-07,1.000000,0.000000e+00
766.0,1.633000e-07,1.000000,0.000000e+00
768.0,1.370000e-07,1.000000,0.000000e+00
770.0,1.172000e-07,1.000000,0.000000e+00
772.0,1.015000e-07,1.000000,0.000000e+00
774.0,8.892000e-08,1.000000,0.000000e+00
776.0,7.876000e-08,1.000000,0.000000e+00
778.0,7.053000e-08,1.000000,0.000000e+00
780.0,6.378000e-08,1.000000,0.000000e+00
782.0,5.817000e-08,1.000000,0.000000e+00
784.0,5.367000e-08,1.000000,0.000000e+00
786.0,4.988000e-08,1.000000,0.000000e+00
788.0,4.660000e-08,1.000000,0.000000e+00
790.0,4.372000e-08,1.000000,0.000000e+00
792.0,4.113000e-08,1.000000,0.000000e+00
794.0,3.874000e-08,1.000000,0.000000e+00
796.0,3.651000e-08,1.000000,0.000000e+00
798.0,3.439000e-08,1.000000,0.000000e+00
800.0,3.234000e-08,1.000000,0.000000e+00
802.0,3.033000e-08,1.000000,0.000000e+00
804.0,2.836000e-08,1.000000,0.000000e+00
806.0,2.641000e-08,1.000000,0.000000e+00
808.0,2.448000e-08,1.000000,0.000000e+00
810.0,2.255000e-08,1.000000,0.000000e+00
812.0,2.062000e-08,1.000000,0.000000e+00
814.0,1.869000e-08,1.000000,0.000000e+00
816.0,1.677000e-08,1.000000,0.000000e+00
818.0,1.532000e-08,1.000000,0.000000e+00
820.0,1.417000e-08,1.000000,0.000000e+00
822.0,1.317000e-08,1.000000,0.000000e+00
824.0,1.226000e-08,1.000000,0.000000e+00
826.0,1.143000e-08,1.000000,0.000000e+00
828.0,1.068000e-08,1.000000,0.000000e+00
830.0,1.001000e-08,1.000000,0.000000e+00
832.0,9.396000e-09,1.000000,0.000000e+00
834.0,8.846000e-09,1.000000,0.000000e+00
836.0,8.350000e-09,1.000000,0.000000e+00
838.0,7.902000e-09,1.000000,0.000000e+00
840.0,7.496000e-09,1.000000,0.000000e+00
842.0,7.125000e-09,1.000000,0.000000e+00
844.0,6.784000e-09,1.000000,0.000000e+00
846.0,6.467000e-09,1.000000,0.000000e+00
848.0,6.171000e-09,1.000000,0.000000e+00
850.0,5.892000e-09,1.000000,0.000000e+00
852.0,5.629000e-09,1.000000,0.000000e+00
854.0,5.379000e-09,1.000000,0.000000e+00
856.0,5.161000e-09,1.000000,0.000000e+00
858.0,4.952000e-09,1.000000,0.000000e+00
860.0,4.756000e-09,1.000000,0.000000e+00
862.0,4.571000e-09,1.000000,0.000000e+00
864.0,4.396000e-09,1.000000,0.000000e+00
866.0,4.232000e-09,1.000000,0.000000e+00
868.0,4.077000e-09,1.000000,0.000000e+00
870.0,3.930000e-09,1.000000,0.000000e+00
872.0,3.792000e-09,1.000000,0.000000e+00
874.0,3.662000e-09,1.000000,0.000000e+00
876.0,3.541000e-09,1.000000,0.000000e+00
878.0,3.426000e-09,1.000000,0.000000e+00
880.0,3.320000e-09,1.000000,0.000000e+00
882.0,3.221000e-09,1.000000,0.000000e+00
884.0,3.129000e-09,1.000000,0.000000e+00
886.0,3.045000e-09,1.000000,0.000000e+00
888.0,2.967000e-09,1.000000,0.000000e+00
890.0,2.898000e-09,1.000000,0.000000e+00
892.0,2.839000e-09,1.000000,0.000000e+00
894.0,2.788000e-09,1.000000,0.000000e+00
896.0,2.743000e-09,1.000000,0.000000e+00
898.0,2.706000e-09,1.000000,0.000000e+00
900.0,2.676000e-09,1.000000,0.000000e+00
902.0,2.653000e-09,1.000000,0.000000e+00
904.0,2.638000e-09,1.000000,0.000000e+00
906.0,2.633000e-09,1.000000,0.000000e+00
908.0,2.640000e-09,1.000000,0.000000e+00
910.0,2.661000e-09,1.000000,0.000000e+00
912.0,2.700000e-09,1.000000,0.000000e+00
914.0,2.760000e-09,1.000000,0.000000e+00
916.0,2.844000e-09,1.000000,0.000000e+00
918.0,2.953000e-09,1.000000,0.000000e+00
920.0,3.092000e-09,1.000000,0.000000e+00
922.0,3.260000e-09,1.000000,0.000000e+00
924.0,3.459000e-09,1.000000,0.000000e+00
926.0,3.685000e-09,1.000000,0.000000e+00
928.0,3.936000e-09,1.000000,0.000000e+00
930.0,4.205000e-09,1.000000,0.000000e+00
932.0,4.482000e-09,1.000000,0.000000e+00
934.0,4.756000e-09,1.000000,0.000000e+00
936.0,5.015000e-09,1.000000,0.000000e+00
938.0,5.255000e-09,1.000000,0.000000e+00
940.0,5.479000e-09,1.000000,0.000000e+00
942.0,5.696000e-09,1.000000,0.000000e+00
944.0,5.915000e-09,1.000000,0.000000e+00
946.0,6.139000e-09,1.000000,0.000000e+00
948.0,6.369000e-09,1.000000,0.000000e+00
950.0,6.596000e-09,1.000000,0.000000e+00
952.0,6.811000e-09,1.000000,0.000000e+00
954.0,6.999000e-09,1.000000,0.000000e+00
956.0,7.148000e-09,1.000000,0.000000e+00
958.0,7.244000e-09,1.000000,0.000000e+00
960.0,7.280000e-09,1.000000,0.000000e+00
962.0,7.252000e-09,1.000000,0.000000e+00
964.0,7.159000e-09,1.000000,0.000000e+00
966.0,7.007000e-09,1.000000,0.000000e+00
968.0,6.799000e-09,1.000000,0.000000e+00
970.0,6.547000e-09,1.000000,0.000000e+00
972.0,6.260000e-09,1.000000,0.000000e+00
974.0,5.948000e-09,1.000000,0.000000e+00
976.0,5.618000e-09,1.000000,0.000000e+00
978.0,5.279000e-09,1.000000,0.000000e+00
980.0,4.935000e-09,1.000000,0.000000e+00
982.0,4.584000e-09,1.000000,0.000000e+00
984.0,4.224000e-09,1.000000,0.000000e+00
986.0,3.849000e-09,1.000000,0.000000e+00
988.0,3.457000e-09,1.000000,0.000000e+00
990.0,3.055000e-09,1.000000,0.000000e+00
992.0,2.658000e-09,1.000000,0.000000e+00
994.0,2.285000e-09,1.000000,0.000000e+00
996.0,1.948000e-09,1.000000,0.000000e+00
998.0,1.661000e-09,1.000000,0.000000e+00
1000.0,1.429000e-09,1.000000,0.000000e+00
1002.0,1.254000e-09,1.000000,0.000000e+00
1004.0,1.133000e-09,1.000000,0.000000e+00
1006.0,1.060000e-09,1.000000,0.000000e+00
1008.0,1.031000e-09,1.000000,0.000000e+00
1010.0,1.038000e-09,1.000000,0.000000e+00
1012.0,1.079000e-09,1.000000,0.000000e+00
1014.0,1.151000e-09,1.000000,0.000000e+00
1016.0,1.254000e-09,1.000000,0.000000e+00
1018.0,1.391000e-09,1.000000,0.000000e+00
1020.0,1.564000e-09,1.000000,0.000000e+00
1022.0,1.777000e-09,1.000000,0.000000e+00
1024.0,2.033000e-09,1.000000,0.000000e+00
1026.0,2.335000e-09,1.000000,0.000000e+00
1028.0,2.682000e-09,1.000000,0.000000e+00
1030.0,3.072000e-09,1.000000,0.000000e+00
1032.0,3.497000e-09,1.000000,0.000000e+00
1034.0,3.947000e-09,1.000000,0.000000e+00
1036.0,4.407000e-09,1.000000,0.000000e+00
1038.0,4.859000e-09,1.000000,0.000000e+00
1040.0,5.293000e-09,1.000000,0.000000e+00
1042.0,5.707000e-09,1.000000,0.000000e+00
1044.0,6.108000e-09,1.000000,0.000000e+00
1046.0,6.510000e-09,1.000000,0.000000e+00
1048.0,6.919000e-09,1.000000,0.000000e+00
1050.0,7.337000e-09,1.000000,0.000000e+00
1052.0,7.762000e-09,1.000000,0.000000e+00
1054.0,8.178000e-09,1.000000,0.000000e+00
1056.0,8.573000e-09,1.000000,0.000000e+00
1058.0,8.923000e-09,1.000000,0.000000e+00
1060.0,9.211000e-09,1.000000,0.000000e+00
1062.0,9.419000e-09,1.000000,0.000000e+00
1064.0,9.536000e-09,1.000000,0.000000e+00
1066.0,9.554000e-09,1.000000,0.000000e+00
1068.0,9.473000e-09,1.000000,0.000000e+00
1070.0,9.300000e-09,1.000000,0.000000e+00
1072.0,9.043000e-09,1.000000,0.000000e+00
1074.0,8.715000e-09,1.000000,0.000000e+00
1076.0,8.330000e-09,1.000000,0.000000e+00
1078.0,7.904000e-09,1.000000,0.000000e+00
1080.0,7.447000e-09,1.000000,0.000000e+00
1082.0,6.968000e-09,1.000000,0.000000e+00
1084.0,6.471000e-09,1.000000,0.000000e+00
1086.0,5.955000e-09,1.000000,0.000000e+00
1088.0,5.414000e-09,1.000000,0.000000e+00
1090.0,4.843000e-09,1.000000,0.000000e+00
1092.0,4.246000e-09,1.000000,0.000000e+00
1094.0,3.644000e-09,1.000000,0.000000e+00
1096.0,3.054000e-09,1.000000,0.000000e+00
1098.0,2.504000e-09,1.000000,0.000000e+00
1100.0,2.010000e-09,1.000000,0.000000e+00
1102.0,1.584000e-09,1.000000,0.000000e+00
1104.0,1.234000e-09,1.000000,0.000000e+00
1106.0,9.578000e-10,1.000000,0.000000e+00
1108.0,7.490000e-10,1.000000,0.000000e+00
1110.0,5.962000e-10,1.000000,0.000000e+00
1112.0,4.887000e-10,1.000000,0.000000e+00
1114.0,4.149000e-10,1.000000,0.000000e+00
1116.0,3.652000e-10,1.000000,0.000000e+00
1118.0,3.309000e-10,1.000000,0.000000e+00
1120.0,3.067000e-10,1.000000,0.000000e+00
1122.0,2.892000e-10,1.000000,0.000000e+00
1124.0,2.758000e-10,1.000000,0.000000e+00
1126.0,2.650000e-10,1.000000,0.000000e+00
1128.0,2.560000e-10,1.000000,0.000000e+00
1130.0,2.482000e-10,1.000000,0.000000e+00
1132.0,2.413000e-10,1.000000,0.000000e+00
1134.0,2.351000e-10,1.000000,0.000000e+00
1136.0,2.295000e-10,1.000000,0.000000e+00
1138.0,2.244000e-10,1.000000,0.000000e+00
1140.0,2.197000e-10,1.000000,0.000000e+00
1142.0,2.154000e-10,1.000000,0.000000e+00
1144.0,2.113000e-10,1.000000,0.000000e+00
1146.0,2.075000e-10,1.000000,0.000000e+00
1148.0,2.039000e-10,1.000000,0.000000e+00
1150.0,2.005000e-10,1.000000,0.000000e+00
1152.0,1.973000e-10,1.000000,0.000000e+00
1154.0,1.942000e-10,1.000000,0.000000e+00
1156.0,1.912000e-10,1.000000,0.000000e+00
1158.0,1.884000e-10,1.000000,0.000000e+00
1160.0,1.857000e-10,1.000000,0.000000e+00
1162.0,1.831000e-10,1.000000,0.000000e+00
1164.0,1.805000e-10,1.000000,0.000000e+00
1166.0,1.781000e-10,1.000000,0.000000e+00
1168.0,1.757000e-10,1.000000,0.000000e+00
1170.0,1.734000e-10,1.000000,0.000000e+00
1172.0,1.712000e-10,1.000000,0.000000e+00
1174.0,1.691000e-10,1.000000,0.000000e+00
1176.0,1.670000e-10,1.000000,0.000000e+00
1178.0,1.649000e-10,1.000000,0.000000e+00
1180.0,1.629000e-10,1.000000,0.000000e+00
1182.0,1.610000e-10,1.000000,0.000000e+00
1184.0,1.591000e-10,1.000000,0.000000e+00
1186.0,1.573000e-10,1.000000,0.000000e+00
1188.0,1.555000e-10,1.000000,0.000000e+00
1190.0,1.537000e-10,1.000000,0.000000e+00
1192.0,1.520000e-10,1.000000,0.000000e+00
1194.0,1.503000e-10,1.000000,0.000000e+00
1196.0,1.487000e-10,1.000000,0.000000e+00
1198.0,1.471000e-10,1.000000,0.000000e+00
1200.0,1.455000e-10,1.000000,0.000000e+00
1202.0,1.440000e-10,1.000000,0.000000e+00
1204.0,1.425000e-10,1.000000,0.000000e+00
1206.0,1.410000e-10,1.000000,0.000000e+00
1208.0,1.396000e-10,1.000000,0.000000e+00
1210.0,1.381000e-10,1.000000,0.000000e+00
1212.0,1.368000e-10,1.000000,0.000000e+00
1214.0,1.354000e-10,1.000000,0.000000e+00
1216.0,1.341000e-10,1.000000,0.000000e+00
1218.0,1.328000e-10,1.000000,0.000000e+00
1220.0,1.315000e-10,1.000000,0.000000e+00
1222.0,1.303000e-10,1.000000,0.000000e+00
1224.0,1.290000e-10,1.000000,0.000000e+00
1226.0,1.278000e-10,1.000000,0.000000e+00
1228.0,1.267000e-10,1.000000,0.000000e+00
1230.0,1.255000e-10,1.000000,0.000000e+00
1232.0,1.244000e-10,1.000000,0.000000e+00
1234.0,1.233000e-10,1.000000,0.000000e+00
1236.0,1.222000e-10,1.000000,0.000000e+00
1238.0,1.211000e-10,1.000000,0.000000e+00
1240.0,1.201000e-10,1.000000,0.000000e+00
1242.0,1.190000e-10,1.000000,0.000000e+00
1244.0,1.180000e-10,1.000000,0.000000e+00
1246.0,1.170000e-10,1.000000,0.000000e+00
1248.0,1.161000e-10,1.000000,0.000000e+00
1250.0,1.151000e-10,1.000000,0.000000e+00
1252.0,1.142000e-10,1.000000,0.000000e+00
1254.0,1.133000e-10,1.000000,0.000000e+00
1256.0,1.124000e-10,1.000000,0.000000e+00
1258.0,1.115000e-10,1.000000,0.000000e+00
1260.0,1.106000e-10,1.000000,0.000000e+00
1262.0,1.098000e-10,1.000000,0.000000e+00
1264.0,1.089000e-10,1.000000,0.000000e+00
1266.0,1.081000e-10,1.000000,0.000000e+00
1268.0,1.073000e-10,1.000000,0.000000e+00
1270.0,1.065000e-10,1.000000,0.000000e+00
1272.0,1.058000e-10,1.000000,0.000000e+00
1274.0,1.050000e-10,1.000000,0.000000e+00
1276.0,1.043000e-10,1.000000,0.000000e+00
1278.0,1.036000e-10,1.000000,0.000000e+00
1280.0,1.028000e-10,1.000000,0.000000e+00
1282.0,1.022000e-10,1.000000,0.000000e+00
1284.0,1.015000e-10,1.000000,0.000000e+00
1286.0,1.008000e-10,1.000000,0.000000e+00
1288.0,1.001000e-10,1.000000,0.000000e+00
1290.0,9.950000e-11,1.000000,0.000000e+00
1292.0,9.887000e-11,1.000000,0.000000e+00
1294.0,9.825000e-11,1.000000,0.000000e+00
1296.0,9.765000e-11,1.000000,0.000000e+00
1298.0,9.705000e-11,1.000000,0.000000e+00
1300.0,9.647000e-11,1.000000,0.000000e+00
1302.0,9.591000e-11,1.000000,0.000000e+00
1304.0,9.535000e-11,1.000000,0.000000e+00
1306.0,9.480000e-11,1.000000,0.000000e+00
1308.0,9.427000e-11,1.000000,0.000000e+00
1310.0,9.375000e-11,1.000000,0.000000e+00
1312.0,9.324000e-11,1.000000,0.000000e+00
1314.0,9.274000e-11,1.000000,0.000000e+00
1316.0,9.225000e-11,1.000000,0.000000e+00
1318.0,9.177000e-11,1.000000,0.000000e+00
1320.0,9.131000e-11,1.000000,0.000000e+00
1322.0,9.085000e-11,1.000000,0.000000e+00
1324.0,9.040000e-11,1.000000,0.000000e+00
1326.0,8.997000e-11,1.000000,0.000000e+00
1328.0,8.954000e-11,1.000000,0.000000e+00
1330.0,8.913000e-11,1.000000,0.000000e+00
1332.0,8.872000e-11,1.000000,0.000000e+00
1334.0,8.833000e-11,1.000000,0.000000e+00
1336.0,8.794000e-11,1.000000,0.000000e+00
1338.0,8.757000e-11,1.000000,0.000000e+00
1340.0,8.720000e-11,1.000000,0.000000e+00
1342.0,8.684000e-11,1.000000,0.000000e+00
1344.0,8.650000e-11,1.000000,0.000000e+00
1346.0,8.616000e-11,1.000000,0.000000e+00
1348.0,8.583000e-11,1.000000,0.000000e+00
1350.0,8.551000e-11,1.000000,0.000000e+00
1352.0,8.520000e-11,1.000000,0.000000e+00
1354.0,8.490000e-11,1.000000,0.000000e+00
1356.0,8.461000e-11,1.000000,0.000000e+00
1358.0,8.432000e-11,1.000000,0.000000e+00
1360.0,8.405000e-11,1.000000,0.000000e+00
1362.0,8.378000e-11,1.000000,0.000000e+00
1364.0,8.352000e-11,1.000000,0.000000e+00
1366.0,8.327000e-11,1.000000,0.000000e+00
1368.0,8.303000e-11,1.000000,0.000000e+00
1370.0,8.280000e-11,1.000000,0.000000e+00
1372.0,8.257000e-11,1.000000,0.000000e+00
1374.0,8.236000e-11,1.000000,0.000000e+00
1376.0,8.215000e-11,1.000000,0.000000e+00
1378.0,8.195000e-11,1.000000,0.000000e+00
1380.0,8.176000e-11,1.000000,0.000000e+00
1382.0,8.158000e-11,1.000000,0.000000e+00
1384.0,8.140000e-11,1.000000,0.000000e+00
1386.0,8.123000e-11,1.000000,0.000000e+00
1388.0,8.107000e-11,1.000000,0.000000e+00
1390.0,8.092000e-11,1.000000,0.000000e+00
1392.0,8.078000e-11,1.000000,0.000000e+00
1394.0,8.064000e-11,1.000000,0.000000e+00
1396.0,8.051000e-11,1.000000,0.000000e+00
1398.0,8.039000e-11,1.000000,0.000000e+00
1400.0,8.028000e-11,1.000000,0.000000e+00
1402.0,8.018000e-11,1.000000,0.000000e+00
1404.0,8.008000e-11,1.000000,0.000000e+00
1406.0,7.999000e-11,1.000000,0.000000e+00
1408.0,7.991000e-11,1.000000,0.000000e+00
1410.0,7.983000e-11,1.000000,0.000000e+00
1412.0,7.976000e-11,1.000000,0.000000e+00
1414.0,7.971000e-11,1.000000,0.000000e+00
1416.0,7.965000e-11,1.000000,0.000000e+00
1418.0,7.961000e-11,1.000000,0.000000e+00
1420.0,7.957000e-11,1.000000,0.000000e+00
1422.0,7.954000e-11,1.000000,0.000000e+00
1424.0,7.952000e-11,1.000000,0.000000e+00
1426.0,7.951000e-11,1.000000,0.000000e+00
1428.0,7.950000e-11,1.000000,0.000000e+00
1430.0,7.950000e-11,1.000000,0.000000e+00
1432.0,7.951000e-11,1.000000,0.000000e+00
1434.0,7.952000e-11,1.000000,0.000000e+00
1436.0,7.955000e-11,1.000000,0.000000e+00
1438.0,7.958000e-11,1.000000,0.000000e+00
1440.0,7.961000e-11,1.000000,0.000000e+00
1442.0,7.966000e-11,1.000000,0.000000e+00
1444.0,7.971000e-11,1.000000,0.000000e+00
1446.0,7.977000e-11,1.000000,0.000000e+00
1448.0,7.984000e-11,1.000000,0.000000e+00
1450.0,7.991000e-11,1.000000,0.000000e+00
1452.0,8.000000e-11,1.000000,0.000000e+00
1454.0,8.009000e-11,1.000000,0.000000e+00
1456.0,8.018000e-11,1.000000,0.000000e+00
1458.0,8.029000e-11,1.000000,0.000000e+00
1460.0,8.040000e-11,1.000000,0.000000e+00
1462.0,8.052000e-11,1.000000,0.000000e+00
1464.0,8.065000e-11,1.000000,0.000000e+00
1466.0,8.079000e-11,1.000000,0.000000e+00
1468.0,8.093000e-11,1.000000,0.000000e+00
1470.0,8.108000e-11,1.000000,0.000000e+00
1472.0,8.124000e-11,1.000000,0.000000e+00
1474.0,8.141000e-11,1.000000,0.000000e+00
1476.0,8.158000e-11,1.000000,0.000000e+00
1478.0,8.176000e-11,1.000000,0.000000e+00
1480.0,8.195000e-11,1.000000,0.000000e+00
1482.0,8.215000e-11,1.000000,0.000000e+00
1484.0,8.235000e-11,1.000000,0.000000e+00
1486.0,8.257000e-11,1.000000,0.000000e+00
1488.0,8.279000e-11,1.000000,0.000000e+00
1490.0,8.302000e-11,1.000000,0.000000e+00
1492.0,8.326000e-11,1.000000,0.000000e+00
1494.0,8.350000e-11,1.000000,0.000000e+00
1496.0,8.376000e-11,1.000000,0.000000e+00
1498.0,8.402000e-11,1.000000,0.000000e+00
1500.0,8.429000e-11,1.000000,0.000000e+00
1502.0,8.457000e-11,1.000000,0.000000e+00
1504.0,8.486000e-11,1.000000,0.000000e+00
1506.0,8.515000e-11,1.000000,0.000000e+00
1508.0,8.546000e-11,1.000000,0.000000e+00
1510.0,8.577000e-11,1.000000,0.000000e+00
1512.0,8.609000e-11,1.000000,0.000000e+00
1514.0,8.642000e-11,1.000000,0.000000e+00
1516.0,8.676000e-11,1.000000,0.000000e+00
1518.0,8.711000e-11,1.000000,0.000000e+00
1520.0,8.747000e-11,1.000000,0.000000e+00
1522.0,8.783000e-11,1.000000,0.000000e+00
1524.0,8.821000e-11,1.000000,0.000000e+00
1526.0,8.859000e-11,1.000000,0.000000e+00
1528.0,8.898000e-11,1.000000,0.000000e+00
1530.0,8.939000e-11,1.000000,0.000000e+00
1532.0,8.980000e-11,1.000000,0.000000e+00
1534.0,9.022000e-11,1.000000,0.000000e+00
1536.0,9.065000e-11,1.000000,0.000000e+00
1538.0,9.109000e-11,1.000000,0.000000e+00
1540.0,9.155000e-11,1.000000,0.000000e+00
1542.0,9.201000e-11,1.000000,0.000000e+00
1544.0,9.248000e-11,1.000000,0.000000e+00
1546.0,9.296000e-11,1.000000,0.000000e+00
1548.0,9.345000e-11,1.000000,0.000000e+00
1550.0,9.395000e-11,1.000000,0.000000e+00
1552.0,9.446000e-11,1.000000,0.000000e+00
1554.0,9.499000e-11,1.000000,0.000000e+00
1556.0,9.552000e-11,1.000000,0.000000e+00
1558.0,9.606000e-11,1.000000,0.000000e+00
1560.0,9.662000e-11,1.000000,0.000000e+00
1562.0,9.719000e-11,1.000000,0.000000e+00
1564.0,9.776000e-11,1.000000,0.000000e+00
1566.0,9.835000e-11,1.000000,0.000000e+00
1568.0,9.895000e-11,1.000000,0.000000e+00
1570.0,9.956000e-11,1.000000,0.000000e+00
1572.0,1.002000e-10,1.000000,0.000000e+00
1574.0,1.008000e-10,1.000000,0.000000e+00
1576.0,1.015000e-10,1.000000,0.000000e+00
1578.0,1.021000e-10,1.000000,0.000000e+00
1580.0,1.028000e-10,1.000000,0.000000e+00
1582.0,1.035000e-10,1.000000,0.000000e+00
1584.0,1.042000e-10,1.000000,0.000000e+00
1586.0,1.049000e-10,1.000000,0.000000e+00
1588.0,1.056000e-10,1.000000,0.000000e+00
1590.0,1.063000e-10,1.000000,0.000000e+00
1592.0,1.071000e-10,1.000000,0.000000e+00
1594.0,1.079000e-10,1.000000,0.000000e+00
1596.0,1.086000e-10,1.000000,0.000000e+00
1598.0,1.094000e-10,1.000000,0.000000e+00
1600.0,1.102000e-10,1.000000,0.000000e+00
1602.0,1.111000e-10,1.000000,0.000000e+00
1604.0,1.119000e-10,1.000000,0.000000e+00
1606.0,1.127000e-10,1.000000,0.000000e+00
1608.0,1.136000e-10,1.000000,0.000000e+00
1610.0,1.145000e-10,1.000000,0.000000e+00
1612.0,1.154000e-10,1.000000,0.000000e+00
1614.0,1.163000e-10,1.000000,0.000000e+00
1616.0,1.172000e-10,1.000000,0.000000e+00
1618.0,1.181000e-10,1.000000,0.000000e+00
1620.0,1.191000e-10,1.000000,0.000000e+00
1622.0,1.201000e-10,1.000000,0.000000e+00
1624.0,1.211000e-10,1.000000,0.000000e+00
1626.0,1.221000e-10,1.000000,0.000000e+00
1628.0,1.231000e-10,1.000000,0.000000e+00
1630.0,1.241000e-10,1.000000,0.000000e+00
1632.0,1.252000e-10,1.000000,0.000000e+00
1634.0,1.263000e-10,1.000000,0.000000e+00
1636.0,1.274000e-10,1.000000,0.000000e+00
1638.0,1.285000e-10,1.000000,0.000000e+00
1640.0,1.296000e-10,1.000000,0.000000e+00
1642.0,1.308000e-10,1.000000,0.000000e+00
1644.0,1.319000e-10,1.000000,0.000000e+00
1646.0,1.331000e-10,1.000000,0.000000e+00
1648.0,1.344000e-10,1.000000,0.000000e+00
1650.0,1.356000e-10,1.000000,0.000000e+00
1652.0,1.368000e-10,1.000000,0.000000e+00
1654.0,1.381000e-10,1.000000,0.000000e+00
1656.0,1.394000e-10,1.000000,0.000000e+00
1658.0,1.407000e-10,1.000000,0.000000e+00
1660.0,1.421000e-10,1.000000,0.000000e+00
1662.0,1.435000e-10,1.000000,0.000000e+00
1664.0,1.448000e-10,1.000000,0.000000e+00
1666.0,1.463000e-10,1.000000,0.000000e+00
1668.0,1.477000e-10,1.000000,0.000000e+00
1670.0,1.492000e-10,1.000000,0.000000e+00
1672.0,1.506000e-10,1.000000,0.000000e+00
1674.0,1.522000e-10,1.000000,0.000000e+00
1676.0,1.537000e-10,1.000000,0.000000e+00
1678.0,1.553000e-10,1.000000,0.000000e+00
1680.0,1.568000e-10,1.000000,0.000000e+00
1682.0,1.585000e-10,1.000000,0.000000e+00
1684.0,1.601000e-10,1.000000,0.000000e+00
1686.0,1.618000e-10,1.000000,0.000000e+00
1688.0,1.635000e-10,1.000000,0.000000e+00
1690.0,1.652000e-10,1.000000,0.000000e+00
1692.0,1.670000e-10,1.000000,0.000000e+00
1694.0,1.688000e-10,1.000000,0.000000e+00
1696.0,1.706000e-10,1.000000,0.000000e+00
1698.0,1.725000e-10,1.000000,0.000000e+00
1700.0,1.744000e-10,1.000000,0.000000e+00
1702.0,1.763000e-10,1.000000,0.000000e+00
1704.0,1.782000e-10,1.000000,0.000000e+00
1706.0,1.802000e-10,1.000000,0.000000e+00
1708.0,1.823000e-10,1.000000,0.000000e+00
1710.0,1.843000e-10,1.000000,0.000000e+00
1712.0,1.864000e-10,1.000000,0.000000e+00
1714.0,1.886000e-10,1.000000,0.000000e+00
1716.0,1.907000e-10,1.000000,0.000000e+00
1718.0,1.929000e-10,1.000000,0.000000e+00
1720.0,1.952000e-10,1.000000,0.000000e+00
1722.0,1.975000e-10,1.000000,0.000000e+00
1724.0,1.998000e-10,1.000000,0.000000e+00
1726.0,2.022000e-10,1.000000,0.000000e+00
1728.0,2.046000e-10,1.000000,0.000000e+00
1730.0,2.071000e-10,1.000000,0.000000e+00
1732.0,2.096000e-10,1.000000,0.000000e+00
1734.0,2.122000e-10,1.000000,0.000000e+00
1736.0,2.148000e-10,1.000000,0.000000e+00
1738.0,2.174000e-10,1.000000,0.000000e+00
1740.0,2.202000e-10,1.000000,0.000000e+00
1742.0,2.229000e-10,1.000000,0.000000e+00
1744.0,2.257000e-10,1.000000,0.000000e+00
1746.0,2.286000e-10,1.000000,0.000000e+00
1748.0,2.315000e-10,1.000000,0.000000e+00
1750.0,2.345000e-10,1.000000,0.000000e+00
1752.0,2.375000e-10,1.000000,0.000000e+00
1754.0,2.406000e-10,1.000000,0.000000e+00
1756.0,2.438000e-10,1.000000,0.000000e+00
1758.0,2.470000e-10,1.000000,0.000000e+00
1760.0,2.503000e-10,1.000000,0.000000e+00
1762.0,2.536000e-10,1.000000,0.000000e+00
1764.0,2.570000e-10,1.000000,0.000000e+00
1766.0,2.605000e-10,1.000000,0.000000e+00
1768.0,2.641000e-10,1.000000,0.000000e+00
1770.0,2.677000e-10,1.000000,0.000000e+00
1772.0,2.714000e-10,1.000000,0.000000e+00
1774.0,2.752000e-10,1.000000,0.000000e+00
1776.0,2.791000e-10,1.000000,0.000000e+00
1778.0,2.831000e-10,1.000000,0.000000e+00
1780.0,2.871000e-10,1.000000,0.000000e+00
1782.0,2.913000e-10,1.000000,0.000000e+00
1784.0,2.955000e-10,1.000000,0.000000e+00
1786.0,2.999000e-10,1.000000,0.000000e+00
1788.0,3.043000e-10,1.000000,0.000000e+00
1790.0,3.089000e-10,1.000000,0.000000e+00
1792.0,3.136000e-10,1.000000,0.000000e+00
1794.0,3.184000e-10,1.000000,0.000000e+00
1796.0,3.234000e-10,1.000000,0.000000e+00
1798.0,3.285000e-10,1.000000,0.000000e+00
1800.0,3.337000e-10,1.000000,0.000000e+00
1802.0,3.391000e-10,1.000000,0.000000e+00
1804.0,3.447000e-10,1.000000,0.000000e+00
1806.0,3.505000e-10,1.000000,0.000000e+00
1808.0,3.564000e-10,1.000000,0.000000e+00
1810.0,3.626000e-10,1.000000,0.000000e+00
1812.0,3.689000e-10,1.000000,0.000000e+00
1814.0,3.754000e-10,1.000000,0.000000e+00
1816.0,3.822000e-10,1.000000,0.000000e+00
1818.0,3.892000e-10,1.000000,0.000000e+00
1820.0,3.965000e-10,1.000000,0.000000e+00
1822.0,4.041000e-10,1.000000,0.000000e+00
1824.0,4.120000e-10,1.000000,0.000000e+00
1826.0,4.203000e-10,1.000000,0.000000e+00
1828.0,4.290000e-10,1.000000,0.000000e+00
1830.0,4.381000e-10,1.000000,0.000000e+00
1832.0,4.478000e-10,1.000000,0.000000e+00
1834.0,4.581000e-10,1.000000,0.000000e+00
1836.0,4.691000e-10,1.000000,0.000000e+00
1838.0,4.807000e-10,1.000000,0.000000e+00
1840.0,4.931000e-10,1.000000,0.000000e+00
1842.0,5.062000e-10,1.000000,0.000000e+00
1844.0,5.200000e-10,1.000000,0.000000e+00
1846.0,5.346000e-10,1.000000,0.000000e+00
1848.0,5.499000e-10,1.000000,0.000000e+00
1850.0,5.659000e-10,1.000000,0.000000e+00
1852.0,5.826000e-10,1.000000,0.000000e+00
1854.0,6.002000e-10,1.000000,0.000000e+00
1856.0,6.189000e-10,1.000000,0.000000e+00
1858.0,6.392000e-10,1.000000,0.000000e+00
1860.0,6.606000e-10,1.000000,0.000000e+00
1862.0,6.834000e-10,1.000000,0.000000e+00
1864.0,7.080000e-10,1.000000,0.000000e+00
1866.0,7.348000e-10,1.000000,0.000000e+00
1868.0,7.643000e-10,1.000000,0.000000e+00
1870.0,7.974000e-10,1.000000,0.000000e+00
1872.0,8.351000e-10,1.000000,0.000000e+00
1874.0,8.791000e-10,1.000000,0.000000e+00
1876.0,9.301000e-10,1.000000,0.000000e+00
1878.0,9.894000e-10,1.000000,0.000000e+00
1880.0,1.059000e-09,1.000000,0.000000e+00
1882.0,1.140000e-09,1.000000,0.000000e+00
1884.0,1.235000e-09,1.000000,0.000000e+00
1886.0,1.346000e-09,1.000000,0.000000e+00
1888.0,1.472000e-09,1.000000,0.000000e+00
1890.0,1.616000e-09,1.000000,0.000000e+00
1892.0,1.777000e-09,1.000000,0.000000e+00
1894.0,1.954000e-09,1.000000,0.000000e+00
1896.0,2.147000e-09,1.000000,0.000000e+00
1898.0,2.347000e-09,1.000000,0.000000e+00
1900.0,2.549000e-09,1.000000,0.000000e+00
1902.0,2.747000e-09,1.000000,0.000000e+00
1904.0,2.941000e-09,1.000000,0.000000e+00
1906.0,3.126000e-09,1.000000,0.000000e+00
1908.0,3.309000e-09,1.000000,0.000000e+00
1910.0,3.589000e-09,1.000000,0.000000e+00
1912.0,3.848000e-09,1.000000,0.000000e+00
1914.0,4.066000e-09,1.000000,0.000000e+00
1916.0,4.238000e-09,1.000000,0.000000e+00
1918.0,4.365000e-09,1.000000,0.000000e+00
1920.0,4.445000e-09,1.000000,0.000000e+00
1922.0,4.481000e-09,1.000000,0.000000e+00
1924.0,4.474000e-09,1.000000,0.000000e+00
1926.0,4.426000e-09,1.000000,0.000000e+00
1928.0,4.341000e-09,1.000000,0.000000e+00
1930.0,4.223000e-09,1.000000,0.000000e+00
1932.0,4.076000e-09,1.000000,0.000000e+00
1934.0,3.905000e-09,1.000000,0.000000e+00
1936.0,3.717000e-09,1.000000,0.000000e+00
1938.0,3.516000e-09,1.000000,0.000000e+00
1940.0,3.308000e-09,1.000000,0.000000e+00
1942.0,3.100000e-09,1.000000,0.000000e+00
1944.0,2.897000e-09,1.000000,0.000000e+00
1946.0,2.701000e-09,1.000000,0.000000e+00
1948.0,2.514000e-09,1.000000,0.000000e+00
1950.0,2.332000e-09,1.000000,0.000000e+00
1952.0,2.156000e-09,1.000000,0.000000e+00
1954.0,1.985000e-09,1.000000,0.000000e+00
1956.0,1.819000e-09,1.000000,0.000000e+00
1958.0,1.659000e-09,1.000000,0.000000e+00
1960.0,1.635000e-09,1.000000,0.000000e+00
1962.0,1.630000e-09,1.000000,0.000000e+00
1964.0,1.634000e-09,1.000000,0.000000e+00
1966.0,1.642000e-09,1.000000,0.000000e+00
1968.0,1.654000e-09,1.000000,0.000000e+00
1970.0,1.668000e-09,1.000000,0.000000e+00
1972.0,1.685000e-09,1.000000,0.000000e+00
1974.0,1.705000e-09,1.000000,0.000000e+00
1976.0,1.728000e-09,1.000000,0.000000e+00
1978.0,1.754000e-09,1.000000,0.000000e+00
1980.0,1.785000e-09,1.000000,0.000000e+00
1982.0,1.819000e-09,1.000000,0.000000e+00
1984.0,1.859000e-09,1.000000,0.000000e+00
1986.0,1.903000e-09,1.000000,0.000000e+00
1988.0,1.952000e-09,1.000000,0.000000e+00
1990.0,2.007000e-09,1.000000,0.000000e+00
1992.0,2.068000e-09,1.000000,0.000000e+00
1994.0,2.134000e-09,1.000000,0.000000e+00
1996.0,2.207000e-09,1.000000,0.000000e+00
1998.0,2.287000e-09,1.000000,0.000000e+00
2000.0,2.374000e-09,1.000000,0.000000e+00
2002.0,2.469000e-09,0.999800,0.000000e+00
2004.0,2.573000e-09,0.999700,0.000000e+00
2006.0,2.686000e-09,0.999600,0.000000e+00
2008.0,2.810000e-09,0.999500,0.000000e+00
2010.0,2.947000e-09,0.999400,0.000000e+00
2012.0,3.098000e-09,0.999200,0.000000e+00
2014.0,3.285000e-09,0.999100,0.000000e+00
2016.0,3.494000e-09,0.999100,0.000000e+00
2018.0,3.729000e-09,0.999000,0.000000e+00
2020.0,3.999000e-09,0.999000,0.000000e+00
2022.0,4.311000e-09,0.998900,0.000000e+00
2024.0,4.677000e-09,0.998800,0.000000e+00
2026.0,5.110000e-09,0.998800,0.000000e+00
2028.0,5.628000e-09,0.998700,0.000000e+00
2030.0,6.239000e-09,0.998600,0.000000e+00
2032.0,6.963000e-09,0.998500,0.000000e+00
2034.0,7.806000e-09,0.998400,0.000000e+00
2036.0,8.772000e-09,0.998300,0.000000e+00
2038.0,9.860000e-09,0.998200,0.000000e+00
2040.0,1.106000e-08,0.998100,0.000000e+00
2042.0,1.236000e-08,0.998000,0.000000e+00
2044.0,1.375000e-08,0.997900,0.000000e+00
2046.0,1.519000e-08,0.997800,0.000000e+00
2048.0,1.666000e-08,0.997600,0.000000e+00
2050.0,1.817000e-08,0.997500,0.000000e+00
2052.0,1.962000e-08,0.997300,0.000000e+00
2054.0,2.240000e-08,0.997200,0.000000e+00
2056.0,2.516000e-08,0.997000,0.000000e+00
2058.0,2.762000e-08,0.996900,0.000000e+00
2060.0,2.977000e-08,0.996700,0.000000e+00
2062.0,3.157000e-08,0.996500,0.000000e+00
2064.0,3.303000e-08,0.996300,0.000000e+00
2066.0,3.411000e-08,0.996100,0.000000e+00
2068.0,3.479000e-08,0.995800,0.000000e+00
2070.0,3.524000e-08,0.995600,0.000000e+00
2072.0,3.533000e-08,0.995400,0.000000e+00
2074.0,3.506000e-08,0.995100,0.000000e+00
2076.0,3.445000e-08,0.994800,0.000000e+00
2078.0,3.353000e-08,0.994600,0.000000e+00
2080.0,3.236000e-08,0.994300,0.000000e+00
2082.0,3.096000e-08,0.994000,0.000000e+00
2084.0,2.939000e-08,0.993600,0.000000e+00
2086.0,2.769000e-08,0.993300,0.000000e+00
2088.0,2.589000e-08,0.992900,0.000000e+00
2090.0,2.404000e-08,0.992600,0.000000e+00
2092.0,2.215000e-08,0.992200,0.000000e+00
2094.0,2.024000e-08,0.991800,0.000000e+00
2096.0,1.832000e-08,0.991300,0.000000e+00
2098.0,1.640000e-08,0.990900,0.000000e+00
2100.0,1.449000e-08,0.990400,0.000000e+00
2102.0,1.261000e-08,0.989900,0.000000e+00
2104.0,1.203000e-08,0.989400,0.000000e+00
2106.0,1.188000e-08,0.988900,0.000000e+00
2108.0,1.185000e-08,0.988400,0.000000e+00
2110.0,1.188000e-08,0.987800,0.000000e+00
2112.0,1.195000e-08,0.987200,0.000000e+00
2114.0,1.205000e-08,0.986600,0.000000e+00
2116.0,1.216000e-08,0.985900,0.000000e+00
2118.0,1.228000e-08,0.985300,0.000000e+00
2120.0,1.250000e-08,0.984600,0.000000e+00
2122.0,1.278000e-08,0.983800,0.000000e+00
2124.0,1.307000e-08,0.983100,0.000000e+00
2126.0,1.337000e-08,0.982300,0.000000e+00
2128.0,1.369000e-08,0.981500,0.000000e+00
2130.0,1.402000e-08,0.980600,0.000000e+00
2132.0,1.436000e-08,0.979800,0.000000e+00
2134.0,1.474000e-08,0.978900,0.000000e+00
2136.0,1.513000e-08,0.977900,0.000000e+00
2138.0,1.556000e-08,0.977000,0.000000e+00
2140.0,1.601000e-08,0.975900,0.000000e+00
2142.0,1.651000e-08,0.974900,0.000000e+00
2144.0,1.703000e-08,0.973800,0.000000e+00
2146.0,1.760000e-08,0.972700,0.000000e+00
2148.0,1.821000e-08,0.971600,0.000000e+00
2150.0,1.886000e-08,0.970400,0.000000e+00
2152.0,1.957000e-08,0.969100,0.000000e+00
2154.0,2.032000e-08,0.967900,0.000000e+00
2156.0,2.119000e-08,0.966600,0.000000e+00
2158.0,2.213000e-08,0.965200,0.000000e+00
2160.0,2.313000e-08,0.963800,0.000000e+00
2162.0,2.420000e-08,0.962400,0.000000e+00
2164.0,2.534000e-08,0.960900,0.000000e+00
2166.0,2.656000e-08,0.959400,0.000000e+00
2168.0,2.785000e-08,0.957800,0.000000e+00
2170.0,2.923000e-08,0.956200,0.000000e+00
2172.0,3.070000e-08,0.954600,0.000000e+00
2174.0,3.228000e-08,0.952900,0.000000e+00
2176.0,3.396000e-08,0.951100,0.000000e+00
2178.0,3.577000e-08,0.949300,0.000000e+00
2180.0,3.772000e-08,0.947500,0.000000e+00
2182.0,3.981000e-08,0.945600,0.000000e+00
2184.0,4.207000e-08,0.943600,0.000000e+00
2186.0,4.451000e-08,0.941700,0.000000e+00
2188.0,4.715000e-08,0.939600,0.000000e+00
2190.0,5.001000e-08,0.937500,0.000000e+00
2192.0,5.313000e-08,0.935400,0.000000e+00
2194.0,5.654000e-08,0.933200,0.000000e+00
2196.0,6.027000e-08,0.931000,0.000000e+00
2198.0,6.438000e-08,0.928700,0.000000e+00
2200.0,6.891000e-08,0.926400,0.000000e+00
2202.0,7.395000e-08,0.924000,0.000000e+00
2204.0,7.959000e-08,0.921600,0.000000e+00
2206.0,8.594000e-08,0.919100,0.000000e+00
2208.0,9.315000e-08,0.916600,0.000000e+00
2210.0,1.014000e-07,0.914000,0.000000e+00
2212.0,1.109000e-07,0.911400,0.000000e+00
2214.0,1.220000e-07,0.908700,0.000000e+00
2216.0,1.351000e-07,0.906000,0.000000e+00
2218.0,1.506000e-07,0.903200,0.000000e+00
2220.0,1.691000e-07,0.900400,0.000000e+00
2222.0,1.914000e-07,0.897600,0.000000e+00
2224.0,2.184000e-07,0.894700,0.000000e+00
2226.0,2.511000e-07,0.891700,0.000000e+00
2228.0,2.910000e-07,0.888700,0.000000e+00
2230.0,3.396000e-07,0.885700,0.000000e+00
2232.0,3.986000e-07,0.882700,0.000000e+00
2234.0,4.703000e-07,0.879600,0.000000e+00
2236.0,5.565000e-07,0.876400,0.000000e+00
2238.0,6.598000e-07,0.873200,0.000000e+00
2240.0,7.824000e-07,0.870000,0.000000e+00
2242.0,9.260000e-07,0.866800,0.000000e+00
2244.0,1.092000e-06,0.863500,0.000000e+00
2246.0,1.282000e-06,0.860200,0.000000e+00
2248.0,1.495000e-06,0.856800,0.000000e+00
2250.0,1.730000e-06,0.853400,0.000000e+00
2252.0,1.984000e-06,0.850000,0.000000e+00
2254.0,2.254000e-06,0.846600,0.000000e+00
2256.0,2.533000e-06,0.843200,0.000000e+00
2258.0,2.816000e-06,0.839700,0.000000e+00
2260.0,3.100000e-06,0.836200,0.000000e+00
2262.0,3.386000e-06,0.832700,0.000000e+00
2264.0,3.683000e-06,0.829200,0.000000e+00
2266.0,3.999000e-06,0.825700,0.000000e+00
2268.0,4.343000e-06,0.822100,0.000000e+00
2270.0,4.721000e-06,0.818600,0.000000e+00
2272.0,5.140000e-06,0.815100,0.000000e+00
2274.0,5.603000e-06,0.811500,0.000000e+00
2276.0,6.119000e-06,0.808000,0.000000e+00
2278.0,6.699000e-06,0.804400,0.000000e+00
2280.0,7.361000e-06,0.800900,0.000000e+00
2282.0,8.132000e-06,0.797300,0.000000e+00
2284.0,9.049000e-06,0.793800,0.000000e+00
2286.0,1.017000e-05,0.790300,0.000000e+00
2288.0,1.155000e-05,0.786800,0.000000e+00
2290.0,1.329000e-05,0.783300,0.000000e+00
2292.0,1.549000e-05,0.779900,0.000000e+00
2294.0,1.827000e-05,0.776400,0.000000e+00
2296.0,2.178000e-05,0.773000,0.000000e+00
2298.0,2.619000e-05,0.769700,0.000000e+00
2300.0,3.169000e-05,0.766300,0.000000e+00
2302.0,3.845000e-05,0.763000,0.000000e+00
2304.0,4.668000e-05,0.759700,0.000000e+00
2306.0,5.656000e-05,0.756500,0.000000e+00
2308.0,6.822000e-05,0.753300,0.000000e+00
2310.0,8.175000e-05,0.750200,0.000000e+00
2312.0,9.719000e-05,0.747100,0.000000e+00
2314.0,1.145000e-04,0.744100,0.000000e+00
2316.0,1.334000e-04,0.741100,0.000000e+00
2318.0,1.537000e-04,0.738200,0.000000e+00
2320.0,1.748000e-04,0.735400,0.000000e+00
2322.0,1.960000e-04,0.732600,0.000000e+00
2324.0,2.167000e-04,0.729800,0.000000e+00
2326.0,2.363000e-04,0.727200,0.000000e+00
2328.0,2.549000e-04,0.724600,0.000000e+00
2330.0,2.731000e-04,0.722100,0.000000e+00
2332.0,2.911000e-04,0.719700,0.000000e+00
2334.0,3.094000e-04,0.717300,0.000000e+00
2336.0,3.277000e-04,0.715000,0.000000e+00
2338.0,3.458000e-04,0.712900,0.000000e+00
2340.0,3.629000e-04,0.710800,0.000000e+00
2342.0,3.782000e-04,0.708800,0.000000e+00
2344.0,3.910000e-04,0.706800,0.000000e+00
2346.0,4.003000e-04,0.705000,0.000000e+00
2348.0,4.058000e-04,0.703300,0.000000e+00
2350.0,4.069000e-04,0.701600,0.000000e+00
2352.0,4.038000e-04,0.700100,0.000000e+00
2354.0,3.964000e-04,0.698600,0.000000e+00
2356.0,3.853000e-04,0.697300,0.000000e+00
2358.0,3.709000e-04,0.696100,0.000000e+00
2360.0,3.538000e-04,0.694900,0.000000e+00
2362.0,3.348000e-04,0.693900,0.000000e+00
2364.0,3.143000e-04,0.693000,0.000000e+00
2366.0,2.928000e-04,0.692100,0.000000e+00
2368.0,2.707000e-04,0.691400,0.000000e+00
2370.0,2.481000e-04,0.690800,0.000000e+00
2372.0,2.250000e-04,0.690300,0.000000e+00
2374.0,2.010000e-04,0.689900,0.000000e+00
2376.0,1.760000e-04,0.689700,0.000000e+00
2378.0,1.504000e-04,0.689500,0.000000e+00
2380.0,1.250000e-04,0.689500,0.000000e+00
2382.0,1.010000e-04,0.689500,0.000000e+00
2384.0,7.907000e-05,0.689500,0.000000e+00
2386.0,6.005000e-05,0.689500,1.440000e-01
2388.0,4.430000e-05,0.689500,3.610000e-01
2390.0,3.180000e-05,0.690800,5.710000e-01
2392.0,2.231000e-05,0.701400,7.630000e-01
2394.0,1.544000e-05,0.712100,8.950000e-01
2396.0,1.069000e-05,0.722700,9.330000e-01
2398.0,7.481000e-06,0.755200,8.750000e-01
2400.0,5.397000e-06,0.807100,7.300000e-01
2402.0,4.055000e-06,0.840000,5.470000e-01
2404.0,3.178000e-06,0.901200,3.790000e-01
2406.0,2.581000e-06,0.954200,2.550000e-01
2408.0,2.153000e-06,1.004400,1.780000e-01
2410.0,1.827000e-06,1.033000,1.340000e-01
2412.0,1.568000e-06,1.055400,1.070000e-01
2414.0,1.357000e-06,1.076600,9.060000e-02
2416.0,1.182000e-06,1.096700,7.830000e-02
2418.0,1.035000e-06,1.116000,6.830000e-02
2420.0,9.114000e-07,1.134600,6.000000e-02
2422.0,8.059000e-07,1.152500,5.300000e-02
2424.0,7.156000e-07,1.170000,4.720000e-02
2426.0,6.378000e-07,1.186900,4.240000e-02
2428.0,5.706000e-07,1.203500,3.830000e-02
2430.0,5.122000e-07,1.219600,3.500000e-02
2432.0,4.612000e-07,1.235400,3.230000e-02
2434.0,4.165000e-07,1.250900,3.010000e-02
2436.0,3.771000e-07,1.266200,0.000000e+00
2438.0,3.424000e-07,1.281100,0.000000e+00
2440.0,3.116000e-07,1.295800,0.000000e+00
2442.0,2.843000e-07,1.310300,0.000000e+00
2444.0,2.599000e-07,1.324500,0.000000e+00
2446.0,2.381000e-07,1.338600,0.000000e+00
2448.0,2.186000e-07,1.352500,0.000000e+00
2450.0,2.010000e-07,1.366100,0.000000e+00
2452.0,1.852000e-07,1.379600,0.000000e+00
2454.0,1.709000e-07,1.393000,0.000000e+00
2456.0,1.580000e-07,1.406200,0.000000e+00
2458.0,1.463000e-07,1.419300,0.000000e+00
2460.0,1.356000e-07,1.432200,0.000000e+00
2462.0,1.259000e-07,1.444900,0.000000e+00
2464.0,1.171000e-07,1.457600,0.000000e+00
2466.0,1.090000e-07,1.470100,0.000000e+00
2468.0,1.017000e-07,1.482500,0.000000e+00
2470.0,9.489000e-08,1.494900,0.000000e+00
2472.0,8.868000e-08,1.507000,0.000000e+00
2474.0,8.297000e-08,1.519100,0.000000e+00
2476.0,7.772000e-08,1.531100,0.000000e+00
2478.0,7.288000e-08,1.543000,0.000000e+00
2480.0,6.841000e-08,1.554800,0.000000e+00
2482.0,6.428000e-08,1.555000,0.000000e+00
2484.0,6.045000e-08,1.555000,0.000000e+00
2486.0,5.691000e-08,1.555000,0.000000e+00
2488.0,5.362000e-08,1.555000,0.000000e+00
2490.0,5.057000e-08,1.555000,0.000000e+00
2492.0,4.773000e-08,1.555000,0.000000e+00
2494.0,4.508000e-08,1.555000,0.000000e+00
2496.0,4.262000e-08,1.555000,0.000000e+00
2498.0,4.032000e-08,1.555000,0.000000e+00
2500.0,3.818000e-08,1.555000,0.000000e+00
2502.0,3.617000e-08,1.555000,0.000000e+00
2504.0,3.430000e-08,1.555000,0.000000e+00
2506.0,3.255000e-08,1.555000,0.000000e+00
2508.0,3.090000e-08,1.555000,0.000000e+00
2510.0,2.936000e-08,1.555000,0.000000e+00
2512.0,2.791000e-08,1.555000,0.000000e+00
2514.0,2.655000e-08,1.555000,0.000000e+00
2516.0,2.527000e-08,1.555000,0.000000e+00
2518.0,2.407000e-08,1.555000,0.000000e+00
2520.0,2.294000e-08,1.555000,0.000000e+00
2522.0,2.187000e-08,1.554900,0.000000e+00
2524.0,2.087000e-08,1.554700,0.000000e+00
2526.0,1.992000e-08,1.554300,0.000000e+00
2528.0,1.902000e-08,1.553900,0.000000e+00
2530.0,1.818000e-08,1.553200,0.000000e+00
2532.0,1.738000e-08,1.552500,0.000000e+00
2534.0,1.662000e-08,1.551600,0.000000e+00
2536.0,1.590000e-08,1.550600,0.000000e+00
2538.0,1.522000e-08,1.549400,0.000000e+00
2540.0,1.458000e-08,1.548100,0.000000e+00
2542.0,1.397000e-08,1.546700,0.000000e+00
2544.0,1.339000e-08,1.545200,0.000000e+00
2546.0,1.284000e-08,1.543500,0.000000e+00
2548.0,1.232000e-08,1.541700,0.000000e+00
2550.0,1.183000e-08,1.539700,0.000000e+00
2552.0,1.136000e-08,1.537700,0.000000e+00
2554.0,1.091000e-08,1.535500,0.000000e+00
2556.0,1.048000e-08,1.533200,0.000000e+00
2558.0,1.008000e-08,1.530800,0.000000e+00
2560.0,9.691000e-09,1.528200,0.000000e+00
2562.0,9.322000e-09,1.525500,0.000000e+00
2564.0,8.971000e-09,1.522800,0.000000e+00
2566.0,8.636000e-09,1.519900,0.000000e+00
2568.0,8.316000e-09,1.516900,0.000000e+00
2570.0,8.011000e-09,1.513700,0.000000e+00
2572.0,7.720000e-09,1.510500,0.000000e+00
2574.0,7.441000e-09,1.507200,0.000000e+00
2576.0,7.175000e-09,1.503700,0.000000e+00
2578.0,6.921000e-09,1.500200,0.000000e+00
2580.0,6.677000e-09,1.496600,0.000000e+00
2582.0,6.444000e-09,1.492900,0.000000e+00
2584.0,6.221000e-09,1.489000,0.000000e+00
2586.0,6.008000e-09,1.485100,0.000000e+00
2588.0,5.803000e-09,1.481100,0.000000e+00
2590.0,5.607000e-09,1.477100,0.000000e+00
2592.0,5.419000e-09,1.472900,0.000000e+00
2594.0,5.239000e-09,1.468600,0.000000e+00
2596.0,5.066000e-09,1.464300,0.000000e+00
2598.0,4.900000e-09,1.459900,0.000000e+00
2600.0,4.740000e-09,1.455500,0.000000e+00
2602.0,4.587000e-09,1.450900,0.000000e+00
2604.0,4.440000e-09,1.446300,0.000000e+00
2606.0,4.299000e-09,1.441700,0.000000e+00
2608.0,4.163000e-09,1.437000,0.000000e+00
2610.0,4.033000e-09,1.432200,0.000000e+00
2612.0,3.907000e-09,1.427400,0.000000e+00
2614.0,3.787000e-09,1.422500,0.000000e+00
2616.0,3.671000e-09,1.417600,0.000000e+00
2618.0,3.559000e-09,1.412600,0.000000e+00
2620.0,3.451000e-09,1.407600,0.000000e+00
2622.0,3.347000e-09,1.402500,0.000000e+00
2624.0,3.247000e-09,1.397400,0.000000e+00
2626.0,3.151000e-09,1.392300,0.000000e+00
2628.0,3.058000e-09,1.387200,0.000000e+00
2630.0,2.969000e-09,1.382000,0.000000e+00
2632.0,2.883000e-09,1.376800,0.000000e+00
2634.0,2.799000e-09,1.371600,0.000000e+00
2636.0,2.719000e-09,1.366300,0.000000e+00
2638.0,2.642000e-09,1.361100,0.000000e+00
2640.0,2.567000e-09,1.355800,0.000000e+00
2642.0,2.495000e-09,1.350500,0.000000e+00
2644.0,2.425000e-09,1.345200,0.000000e+00
2646.0,2.357000e-09,1.340000,0.000000e+00
2648.0,2.292000e-09,1.334700,0.000000e+00
2650.0,2.229000e-09,1.329400,0.000000e+00
2652.0,2.169000e-09,1.324100,0.000000e+00
2654.0,2.110000e-09,1.318800,0.000000e+00
2656.0,2.053000e-09,1.313500,0.000000e+00
2658.0,1.998000e-09,1.308300,0.000000e+00
2660.0,1.945000e-09,1.303000,0.000000e+00
2662.0,1.893000e-09,1.297800,0.000000e+00
2664.0,1.843000e-09,1.292600,0.000000e+00
2666.0,1.795000e-09,1.287400,0.000000e+00
2668.0,1.748000e-09,1.282200,0.000000e+00
2670.0,1.703000e-09,1.277100,0.000000e+00
2672.0,1.659000e-09,1.272000,0.000000e+00
2674.0,1.617000e-09,1.266900,0.000000e+00
2676.0,1.576000e-09,1.261800,0.000000e+00
2678.0,1.536000e-09,1.256800,0.000000e+00
2680.0,1.497000e-09,1.251800,0.000000e+00
2682.0,1.460000e-09,1.246800,0.000000e+00
2684.0,1.424000e-09,1.241900,0.000000e+00
2686.0,1.388000e-09,1.237000,0.000000e+00
2688.0,1.354000e-09,1.232200,0.000000e+00
2690.0,1.321000e-09,1.227400,0.000000e+00
2692.0,1.289000e-09,1.222700,0.000000e+00
2694.0,1.258000e-09,1.218000,0.000000e+00
2696.0,1.227000e-09,1.213300,0.000000e+00
2698.0,1.198000e-09,1.208700,0.000000e+00
2700.0,1.169000e-09,1.204100,0.000000e+00
2702.0,1.142000e-09,1.199600,0.000000e+00
2704.0,1.115000e-09,1.195200,0.000000e+00
2706.0,1.088000e-09,1.190700,0.000000e+00
2708.0,1.063000e-09,1.186400,0.000000e+00
2710.0,1.038000e-09,1.182100,0.000000e+00
2712.0,1.014000e-09,1.177800,0.000000e+00
2714.0,9.908000e-10,1.173700,0.000000e+00
2716.0,9.681000e-10,1.169500,0.000000e+00
2718.0,9.460000e-10,1.165400,0.000000e+00
2720.0,9.246000e-10,1.161400,0.000000e+00
2722.0,9.037000e-10,1.157500,0.000000e+00
2724.0,8.834000e-10,1.153600,0.000000e+00
2726.0,8.636000e-10,1.149700,0.000000e+00
2728.0,8.444000e-10,1.146000,0.000000e+00
2730.0,8.257000e-10,1.142200,0.000000e+00
2732.0,8.074000e-10,1.138600,0.000000e+00
2734.0,7.897000e-10,1.135000,0.000000e+00
2736.0,7.724000e-10,1.131400,0.000000e+00
2738.0,7.556000e-10,1.128000,0.000000e+00
2740.0,7.393000e-10,1.124600,0.000000e+00
2742.0,7.233000e-10,1.121200,0.000000e+00
2744.0,7.078000e-10,1.117900,0.000000e+00
2746.0,6.927000e-10,1.114700,0.000000e+00
2748.0,6.779000e-10,1.111500,0.000000e+00
2750.0,6.636000e-10,1.108400,0.000000e+00
2752.0,6.496000e-10,1.105300,0.000000e+00
2754.0,6.359000e-10,1.102400,0.000000e+00
2756.0,6.226000e-10,1.099400,0.000000e+00
2758.0,6.097000e-10,1.096600,0.000000e+00
2760.0,5.970000e-10,1.093800,0.000000e+00
2762.0,5.847000e-10,1.091000,0.000000e+00
2764.0,5.727000e-10,1.088300,0.000000e+00
2766.0,5.610000e-10,1.085700,0.000000e+00
2768.0,5.495000e-10,1.083100,0.000000e+00
2770.0,5.384000e-10,1.080600,0.000000e+00
2772.0,5.275000e-10,1.078100,0.000000e+00
2774.0,5.169000e-10,1.075700,0.000000e+00
2776.0,5.065000e-10,1.073400,0.000000e+00
2778.0,4.964000e-10,1.071100,0.000000e+00
2780.0,4.865000e-10,1.068800,0.000000e+00
2782.0,4.769000e-10,1.066700,0.000000e+00
2784.0,4.675000e-10,1.064500,0.000000e+00
2786.0,4.583000e-10,1.062400,0.000000e+00
2788.0,4.493000e-10,1.060400,0.000000e+00
2790.0,4.406000e-10,1.058400,0.000000e+00
2792.0,4.320000e-10,1.056500,0.000000e+00
2794.0,4.236000e-10,1.054600,0.000000e+00
2796.0,4.155000e-10,1.052800,0.000000e+00
2798.0,4.075000e-10,1.051000,0.000000e+00
2800.0,3.997000e-10,1.049300,0.000000e+00
2802.0,3.921000e-10,1.047600,0.000000e+00
2804.0,3.846000e-10,1.046000,0.000000e+00
2806.0,3.774000e-10,1.044400,0.000000e+00
2808.0,3.703000e-10,1.042900,0.000000e+00
2810.0,3.633000e-10,1.041400,0.000000e+00
2812.0,3.565000e-10,1.039900,0.000000e+00
2814.0,3.499000e-10,1.038500,0.000000e+00
2816.0,3.434000e-10,1.037100,0.000000e+00
2818.0,3.370000e-10,1.035800,0.000000e+00
2820.0,3.308000e-10,1.034500,0.000000e+00
2822.0,3.248000e-10,1.033200,0.000000e+00
2824.0,3.188000e-10,1.032000,0.000000e+00
2826.0,3.130000e-10,1.030800,0.000000e+00
2828.0,3.073000e-10,1.029600,0.000000e+00
2830.0,3.018000e-10,1.028500,0.000000e+00
2832.0,2.963000e-10,1.027500,0.000000e+00
2834.0,2.910000e-10,1.026400,0.000000e+00
2836.0,2.858000e-10,1.025400,0.000000e+00
2838.0,2.807000e-10,1.024400,0.000000e+00
2840.0,2.757000e-10,1.023500,0.000000e+00
2842.0,2.708000e-10,1.022600,0.000000e+00
2844.0,2.660000e-10,1.021700,0.000000e+00
2846.0,2.613000e-10,1.020800,0.000000e+00
2848.0,2.567000e-10,1.020000,0.000000e+00
2850.0,2.523000e-10,1.019200,0.000000e+00
2852.0,2.479000e-10,1.018400,0.000000e+00
2854.0,2.436000e-10,1.017700,0.000000e+00
2856.0,2.393000e-10,1.017000,0.000000e+00
2858.0,2.352000e-10,1.016300,0.000000e+00
2860.0,2.312000e-10,1.015600,0.000000e+00
2862.0,2.272000e-10,1.015000,0.000000e+00
2864.0,2.233000e-10,1.014300,0.000000e+00
2866.0,2.195000e-10,1.013700,0.000000e+00
2868.0,2.158000e-10,1.013200,0.000000e+00
2870.0,2.121000e-10,1.012600,0.000000e+00
2872.0,2.086000e-10,1.012100,0.000000e+00
2874.0,2.051000e-10,1.011600,0.000000e+00
2876.0,2.016000e-10,1.011100,0.000000e+00
2878.0,1.983000e-10,1.010600,0.000000e+00
2880.0,1.950000e-10,1.010100,0.000000e+00
2882.0,1.917000e-10,1.009700,0.000000e+00
2884.0,1.886000e-10,1.009200,0.000000e+00
2886.0,1.855000e-10,1.008800,0.000000e+00
2888.0,1.824000e-10,1.008400,0.000000e+00
2890.0,1.794000e-10,1.008100,0.000000e+00
2892.0,1.765000e-10,1.007700,0.000000e+00
2894.0,1.736000e-10,1.007400,0.000000e+00
2896.0,1.708000e-10,1.007000,0.000000e+00
2898.0,1.680000e-10,1.006700,0.000000e+00
2900.0,1.653000e-10,1.006400,0.000000e+00
2902.0,1.627000e-10,1.006100,0.000000e+00
2904.0,1.601000e-10,1.005800,0.000000e+00
2906.0,1.575000e-10,1.005500,0.000000e+00
2908.0,1.550000e-10,1.005300,0.000000e+00
2910.0,1.525000e-10,1.005000,0.000000e+00
2912.0,1.501000e-10,1.004800,0.000000e+00
2914.0,1.478000e-10,1.004600,0.000000e+00
2916.0,1.454000e-10,1.004300,0.000000e+00
2918.0,1.431000e-10,1.004100,0.000000e+00
2920.0,1.409000e-10,1.003900,0.000000e+00
2922.0,1.387000e-10,1.003700,0.000000e+00
2924.0,1.366000e-10,1.003600,0.000000e+00
2926.0,1.344000e-10,1.003400,0.000000e+00
2928.0,1.324000e-10,1.003200,0.000000e+00
2930.0,1.303000e-10,1.003000,0.000000e+00
2932.0,1.283000e-10,1.002900,0.000000e+00
2934.0,1.264000e-10,1.002700,0.000000e+00
2936.0,1.244000e-10,1.002600,0.000000e+00
2938.0,1.225000e-10,1.002500,0.000000e+00
2940.0,1.207000e-10,1.002300,0.000000e+00
2942.0,1.189000e-10,1.002200,0.000000e+00
2944.0,1.171000e-10,1.002100,0.000000e+00
2946.0,1.153000e-10,1.002000,0.000000e+00
2948.0,1.136000e-10,1.001900,0.000000e+00
2950.0,1.119000e-10,1.001800,0.000000e+00
2952.0,1.102000e-10,1.001700,0.000000e+00
2954.0,1.086000e-10,1.001600,0.000000e+00
2956.0,1.070000e-10,1.001500,0.000000e+00
2958.0,1.054000e-10,1.001400,0.000000e+00
2960.0,1.039000e-10,1.001400,0.000000e+00
2962.0,1.023000e-10,1.001300,0.000000e+00
2964.0,1.008000e-10,1.001200,0.000000e+00
2966.0,9.937000e-11,1.001100,0.000000e+00
2968.0,9.793000e-11,1.001100,0.000000e+00
2970.0,9.651000e-11,1.001000,0.000000e+00
2972.0,9.512000e-11,1.001000,0.000000e+00
2974.0,9.375000e-11,1.000900,0.000000e+00
2976.0,9.241000e-11,1.000900,0.000000e+00
2978.0,9.109000e-11,1.000800,0.000000e+00
2980.0,8.979000e-11,1.000700,0.000000e+00
2982.0,8.852000e-11,1.000600,0.000000e+00
2984.0,8.726000e-11,1.000500,0.000000e+00
2986.0,8.603000e-11,1.000400,0.000000e+00
2988.0,8.483000e-11,1.000300,0.000000e+00
2990.0,8.364000e-11,1.000200,0.000000e+00
2992.0,8.247000e-11,1.000100,0.000000e+00
2994.0,8.132000e-11,1.000000,0.000000e+00
2996.0,8.020000e-11,1.000000,0.000000e+00
2998.0,7.909000e-11,1.000000,0.000000e+00
3000.0,7.800000e-11,1.000000,0.000000e+00
3002.0,7.693000e-11,1.000000,0.000000e+00
3004.0,7.588000e-11,1.000000,0.000000e+00
3006.0,7.485000e-11,1.000000,0.000000e+00
3008.0,7.384000e-11,1.000000,0.000000e+00
3010.0,7.284000e-11,1.000000,0.000000e+00
3012.0,7.186000e-11,1.000000,0.000000e+00
3014.0,7.090000e-11,1.000000,0.000000e+00
3016.0,6.995000e-11,1.000000,0.000000e+00
3018.0,6.902000e-11,1.000000,0.000000e+00
3020.0,6.811000e-11,1.000000,0.000000e+00
3022.0,6.721000e-11,1.000000,0.000000e+00
3024.0,6.633000e-11,1.000000,0.000000e+00
3026.0,6.546000e-11,1.000000,0.000000e+00
3028.0,6.461000e-11,1.000000,0.000000e+00
3030.0,6.377000e-11,1.000000,0.000000e+00
3032.0,6.295000e-11,1.000000,0.000000e+00
3034.0,6.214000e-11,1.000000,0.000000e+00
3036.0,6.135000e-11,1.000000,0.000000e+00
3038.0,6.057000e-11,1.000000,0.000000e+00
3040.0,5.980000e-11,1.000000,0.000000e+00
3042.0,5.905000e-11,1.000000,0.000000e+00
3044.0,5.831000e-11,1.000000,0.000000e+00
3046.0,5.758000e-11,1.000000,0.000000e+00
3048.0,5.687000e-11,1.000000,0.000000e+00
3050.0,5.617000e-11,1.000000,0.000000e+00
3052.0,5.548000e-11,1.000000,0.000000e+00
3054.0,5.481000e-11,1.000000,0.000000e+00
3056.0,5.415000e-11,1.000000,0.000000e+00
3058.0,5.350000e-11,1.000000,0.000000e+00
3060.0,5.286000e-11,1.000000,0.000000e+00
3062.0,5.224000e-11,1.000000,0.000000e+00
3064.0,5.163000e-11,1.000000,0.000000e+00
3066.0,5.103000e-11,1.000000,0.000000e+00
3068.0,5.045000e-11,1.000000,0.000000e+00
3070.0,4.989000e-11,1.000000,0.000000e+00
3072.0,4.934000e-11,1.000000,0.000000e+00
3074.0,4.881000e-11,1.000000,0.000000e+00
3076.0,4.830000e-11,1.000000,0.000000e+00
3078.0,4.781000e-11,1.000000,0.000000e+00
3080.0,4.734000e-11,1.000000,0.000000e+00
3082.0,4.689000e-11,1.000000,0.000000e+00
3084.0,4.646000e-11,1.000000,0.000000e+00
3086.0,4.605000e-11,1.000000,0.000000e+00
3088.0,4.565000e-11,1.000000,0.000000e+00
3090.0,4.527000e-11,1.000000,0.000000e+00
3092.0,4.489000e-11,1.000000,0.000000e+00
3094.0,4.453000e-11,1.000000,0.000000e+00
3096.0,4.417000e-11,1.000000,0.000000e+00
3098.0,4.381000e-11,1.000000,0.000000e+00
3100.0,4.346000e-11,1.000000,0.000000e+00
3102.0,4.312000e-11,1.000000,0.000000e+00
3104.0,4.279000e-11,1.000000,0.000000e+00
3106.0,4.247000e-11,1.000000,0.000000e+00
3108.0,4.216000e-11,1.000000,0.000000e+00
3110.0,4.187000e-11,1.000000,0.000000e+00
3112.0,4.160000e-11,1.000000,0.000000e+00
3114.0,4.136000e-11,1.000000,0.000000e+00
3116.0,4.114000e-11,1.000000,0.000000e+00
3118.0,4.097000e-11,1.000000,0.000000e+00
3120.0,4.084000e-11,1.000000,0.000000e+00
3122.0,4.075000e-11,1.000000,0.000000e+00
3124.0,4.073000e-11,1.000000,0.000000e+00
3126.0,4.077000e-11,1.000000,0.000000e+00
3128.0,4.089000e-11,1.000000,0.000000e+00
3130.0,4.110000e-11,1.000000,0.000000e+00
3132.0,4.142000e-11,1.000000,0.000000e+00
3134.0,4.185000e-11,1.000000,0.000000e+00
3136.0,4.238000e-11,1.000000,0.000000e+00
3138.0,4.301000e-11,1.000000,0.000000e+00
3140.0,4.372000e-11,1.000000,0.000000e+00
3142.0,4.448000e-11,1.000000,0.000000e+00
3144.0,4.527000e-11,1.000000,0.000000e+00
3146.0,4.604000e-11,1.000000,0.000000e+00
3148.0,4.677000e-11,1.000000,0.000000e+00
3150.0,4.742000e-11,1.000000,0.000000e+00
3152.0,4.798000e-11,1.000000,0.000000e+00
3154.0,4.844000e-11,1.000000,0.000000e+00
3156.0,4.879000e-11,1.000000,0.000000e+00
3158.0,4.905000e-11,1.000000,0.000000e+00
3160.0,4.924000e-11,1.000000,0.000000e+00
3162.0,4.936000e-11,1.000000,0.000000e+00
3164.0,4.940000e-11,1.000000,0.000000e+00
3166.0,4.939000e-11,1.000000,0.000000e+00
3168.0,4.937000e-11,1.000000,0.000000e+00
3170.0,4.935000e-11,1.000000,0.000000e+00
3172.0,4.938000e-11,1.000000,0.000000e+00
3174.0,4.946000e-11,1.000000,0.000000e+00
3176.0,4.963000e-11,1.000000,0.000000e+00
3178.0,4.987000e-11,1.000000,0.000000e+00
3180.0,5.018000e-11,1.000000,0.000000e+00
3182.0,5.057000e-11,1.000000,0.000000e+00
3184.0,5.100000e-11,1.000000,0.000000e+00
3186.0,5.147000e-11,1.000000,0.000000e+00
3188.0,5.195000e-11,1.000000,0.000000e+00
3190.0,5.242000e-11,1.000000,0.000000e+00
3192.0,5.285000e-11,1.000000,0.000000e+00
3194.0,5.321000e-11,1.000000,0.000000e+00
3196.0,5.346000e-11,1.000000,0.000000e+00
3198.0,5.358000e-11,1.000000,0.000000e+00
3200.0,5.352000e-11,1.000000,0.000000e+00
3202.0,5.327000e-11,1.000000,0.000000e+00
3204.0,5.283000e-11,1.000000,0.000000e+00
3206.0,5.217000e-11,1.000000,0.000000e+00
3208.0,5.133000e-11,1.000000,0.000000e+00
3210.0,5.034000e-11,1.000000,0.000000e+00
3212.0,4.918000e-11,1.000000,0.000000e+00
3214.0,4.786000e-11,1.000000,0.000000e+00
3216.0,4.643000e-11,1.000000,0.000000e+00
3218.0,4.492000e-11,1.000000,0.000000e+00
3220.0,4.338000e-11,1.000000,0.000000e+00
3222.0,4.186000e-11,1.000000,0.000000e+00
3224.0,4.042000e-11,1.000000,0.000000e+00
3226.0,3.908000e-11,1.000000,0.000000e+00
3228.0,3.789000e-11,1.000000,0.000000e+00
3230.0,3.685000e-11,1.000000,0.000000e+00
3232.0,3.598000e-11,1.000000,0.000000e+00
3234.0,3.527000e-11,1.000000,0.000000e+00
3236.0,3.472000e-11,1.000000,0.000000e+00
3238.0,3.430000e-11,1.000000,0.000000e+00
3240.0,3.402000e-11,1.000000,0.000000e+00
3242.0,3.385000e-11,1.000000,0.000000e+00
3244.0,3.379000e-11,1.000000,0.000000e+00
3246.0,3.382000e-11,1.000000,0.000000e+00
3248.0,3.395000e-11,1.000000,0.000000e+00
3250.0,3.420000e-11,1.000000,0.000000e+00
3252.0,3.466000e-11,1.000000,0.000000e+00
3254.0,3.519000e-11,1.000000,0.000000e+00
3256.0,3.579000e-11,1.000000,0.000000e+00
3258.0,3.645000e-11,1.000000,0.000000e+00
3260.0,3.718000e-11,1.000000,0.000000e+00
3262.0,3.798000e-11,1.000000,0.000000e+00
3264.0,3.886000e-11,1.000000,0.000000e+00
3266.0,3.982000e-11,1.000000,0.000000e+00
3268.0,4.088000e-11,1.000000,0.000000e+00
3270.0,4.204000e-11,1.000000,0.000000e+00
3272.0,4.331000e-11,1.000000,0.000000e+00
3274.0,4.471000e-11,1.000000,0.000000e+00
3276.0,4.626000e-11,1.000000,0.000000e+00
3278.0,4.800000e-11,1.000000,0.000000e+00
3280.0,4.996000e-11,1.000000,0.000000e+00
3282.0,5.219000e-11,1.000000,0.000000e+00
3284.0,5.475000e-11,1.000000,0.000000e+00
3286.0,5.769000e-11,1.000000,0.000000e+00
3288.0,6.108000e-11,1.000000,0.000000e+00
3290.0,6.494000e-11,1.000000,0.000000e+00
3292.0,6.930000e-11,1.000000,0.000000e+00
3294.0,7.414000e-11,1.000000,0.000000e+00
3296.0,7.941000e-11,1.000000,0.000000e+00
3298.0,8.501000e-11,1.000000,0.000000e+00
3300.0,9.086000e-11,1.000000,0.000000e+00
3302.0,9.693000e-11,1.000000,0.000000e+00
3304.0,1.029000e-10,1.000000,0.000000e+00
3306.0,1.087000e-10,1.000000,0.000000e+00
3308.0,1.142000e-10,1.000000,0.000000e+00
3310.0,1.193000e-10,1.000000,0.000000e+00
3312.0,1.240000e-10,1.000000,0.000000e+00
3314.0,1.282000e-10,1.000000,0.000000e+00
3316.0,1.342000e-10,1.000000,0.000000e+00
3318.0,1.412000e-10,1.000000,0.000000e+00
3320.0,1.485000e-10,1.000000,0.000000e+00
3322.0,1.559000e-10,1.000000,0.000000e+00
3324.0,1.639000e-10,1.000000,0.000000e+00
3326.0,1.725000e-10,1.000000,0.000000e+00
3328.0,1.821000e-10,1.000000,0.000000e+00
3330.0,1.928000e-10,1.000000,0.000000e+00
3332.0,2.047000e-10,1.000000,0.000000e+00
3334.0,2.175000e-10,1.000000,0.000000e+00
3336.0,2.312000e-10,1.000000,0.000000e+00
3338.0,2.454000e-10,1.000000,0.000000e+00
3340.0,2.596000e-10,1.000000,0.000000e+00
3342.0,2.735000e-10,1.000000,0.000000e+00
3344.0,2.867000e-10,1.000000,0.000000e+00
3346.0,2.988000e-10,1.000000,0.000000e+00
3348.0,3.094000e-10,1.000000,0.000000e+00
3350.0,3.182000e-10,1.000000,0.000000e+00
3352.0,3.248000e-10,1.000000,0.000000e+00
3354.0,3.291000e-10,1.000000,0.000000e+00
3356.0,3.308000e-10,1.000000,0.000000e+00
3358.0,3.298000e-10,1.000000,0.000000e+00
3360.0,3.260000e-10,1.000000,0.000000e+00
3362.0,3.195000e-10,1.000000,0.000000e+00
3364.0,3.101000e-10,1.000000,0.000000e+00
3366.0,3.000000e-10,1.000000,0.000000e+00
3368.0,2.891000e-10,1.000000,0.000000e+00
3370.0,2.769000e-10,1.000000,0.000000e+00
3372.0,2.635000e-10,1.000000,0.000000e+00
3374.0,2.493000e-10,1.000000,0.000000e+00
3376.0,2.347000e-10,1.000000,0.000000e+00
3378.0,2.204000e-10,1.000000,0.000000e+00
3380.0,2.068000e-10,1.000000,0.000000e+00
3382.0,1.944000e-10,1.000000,0.000000e+00
3384.0,1.836000e-10,1.000000,0.000000e+00
3386.0,1.746000e-10,1.000000,0.000000e+00
3388.0,1.675000e-10,1.000000,0.000000e+00
3390.0,1.622000e-10,1.000000,0.000000e+00
3392.0,1.586000e-10,1.000000,0.000000e+00
3394.0,1.565000e-10,1.000000,0.000000e+00
3396.0,1.559000e-10,1.000000,0.000000e+00
3398.0,1.564000e-10,1.000000,0.000000e+00
3400.0,1.579000e-10,1.000000,0.000000e+00
3402.0,1.604000e-10,1.000000,0.000000e+00
3404.0,1.636000e-10,1.000000,0.000000e+00
3406.0,1.675000e-10,1.000000,0.000000e+00
3408.0,1.721000e-10,1.000000,0.000000e+00
3410.0,1.774000e-10,1.000000,0.000000e+00
3412.0,1.833000e-10,1.000000,0.000000e+00
3414.0,1.899000e-10,1.000000,0.000000e+00
3416.0,1.973000e-10,1.000000,0.000000e+00
3418.0,2.055000e-10,1.000000,0.000000e+00
3420.0,2.146000e-10,1.000000,0.000000e+00
3422.0,2.247000e-10,1.000000,0.000000e+00
3424.0,2.360000e-10,1.000000,0.000000e+00
3426.0,2.486000e-10,1.000000,0.000000e+00
3428.0,2.626000e-10,1.000000,0.000000e+00
3430.0,2.784000e-10,1.000000,0.000000e+00
3432.0,2.960000e-10,1.000000,0.000000e+00
3434.0,3.158000e-10,1.000000,0.000000e+00
3436.0,3.380000e-10,1.000000,0.000000e+00
3438.0,3.630000e-10,1.000000,0.000000e+00
3440.0,3.913000e-10,1.000000,0.000000e+00
3442.0,4.234000e-10,1.000000,0.000000e+00
3444.0,4.599000e-10,1.000000,0.000000e+00
3446.0,5.020000e-10,1.000000,0.000000e+00
3448.0,5.507000e-10,1.000000,0.000000e+00
3450.0,6.075000e-10,1.000000,0.000000e+00
3452.0,6.737000e-10,1.000000,0.000000e+00
3454.0,7.509000e-10,1.000000,0.000000e+00
3456.0,8.409000e-10,1.000000,0.000000e+00
3458.0,9.452000e-10,1.000000,0.000000e+00
3460.0,1.066000e-09,1.000000,0.000000e+00
3462.0,1.203000e-09,1.000000,0.000000e+00
3464.0,1.360000e-09,1.000000,0.000000e+00
3466.0,1.535000e-09,1.000000,0.000000e+00
3468.0,1.730000e-09,1.000000,0.000000e+00
3470.0,1.945000e-09,1.000000,0.000000e+00
3472.0,2.179000e-09,1.000000,0.000000e+00
3474.0,2.436000e-09,1.000000,0.000000e+00
3476.0,2.721000e-09,1.000000,0.000000e+00
3478.0,3.044000e-09,1.000000,0.000000e+00
3480.0,3.417000e-09,1.000000,0.000000e+00
3482.0,3.853000e-09,1.000000,0.000000e+00
3484.0,4.362000e-09,1.000000,0.000000e+00
3486.0,4.955000e-09,1.000000,0.000000e+00
3488.0,5.639000e-09,1.000000,0.000000e+00
3490.0,6.417000e-09,1.000000,0.000000e+00
3492.0,7.287000e-09,1.000000,0.000000e+00
3494.0,8.241000e-09,1.000000,0.000000e+00
3496.0,9.269000e-09,1.000000,0.000000e+00
3498.0,1.035000e-08,1.000000,0.000000e+00
3500.0,1.145000e-08,1.000000,0.000000e+00
3502.0,1.256000e-08,1.000000,0.000000e+00
3504.0,1.365000e-08,1.000000,0.000000e+00
3506.0,1.475000e-08,1.000000,0.000000e+00
3508.0,1.589000e-08,1.000000,0.000000e+00
3510.0,1.710000e-08,1.000000,0.000000e+00
3512.0,1.842000e-08,1.000000,0.000000e+00
3514.0,1.988000e-08,1.000000,0.000000e+00
3516.0,2.149000e-08,1.000000,0.000000e+00
3518.0,2.326000e-08,1.000000,0.000000e+00
3520.0,2.520000e-08,1.000000,0.000000e+00
3522.0,2.731000e-08,1.000000,0.000000e+00
3524.0,2.962000e-08,1.000000,0.000000e+00
3526.0,3.215000e-08,1.000000,0.000000e+00
3528.0,3.498000e-08,1.000000,0.000000e+00
3530.0,3.823000e-08,1.000000,0.000000e+00
3532.0,4.199000e-08,1.000000,0.000000e+00
3534.0,4.646000e-08,1.000000,0.000000e+00
3536.0,5.180000e-08,1.000000,0.000000e+00
3538.0,5.819000e-08,1.000000,0.000000e+00
3540.0,6.582000e-08,1.000000,0.000000e+00
3542.0,7.484000e-08,1.000000,0.000000e+00
3544.0,8.539000e-08,1.000000,0.000000e+00
3546.0,9.756000e-08,1.000000,0.000000e+00
3548.0,1.114000e-07,1.000000,0.000000e+00
3550.0,1.270000e-07,1.000000,0.000000e+00
3552.0,1.443000e-07,1.000000,0.000000e+00
3554.0,1.635000e-07,1.000000,0.000000e+00
3556.0,1.848000e-07,1.000000,0.000000e+00
3558.0,2.090000e-07,1.000000,0.000000e+00
3560.0,2.371000e-07,1.000000,0.000000e+00
3562.0,2.706000e-07,1.000000,0.000000e+00
3564.0,3.111000e-07,1.000000,0.000000e+00
3566.0,3.601000e-07,1.000000,0.000000e+00
3568.0,4.190000e-07,1.000000,0.000000e+00
3570.0,4.892000e-07,1.000000,0.000000e+00
3572.0,5.717000e-07,1.000000,0.000000e+00
3574.0,6.668000e-07,1.000000,0.000000e+00
3576.0,7.748000e-07,1.000000,0.000000e+00
3578.0,8.947000e-07,1.000000,0.000000e+00
3580.0,1.025000e-06,1.000000,0.000000e+00
3582.0,1.162000e-06,1.000000,0.000000e+00
3584.0,1.301000e-06,1.000000,0.000000e+00
3586.0,1.439000e-06,1.000000,0.000000e+00
3588.0,1.570000e-06,1.000000,0.000000e+00
3590.0,1.692000e-06,1.000000,0.000000e+00
3592.0,1.808000e-06,1.000000,0.000000e+00
3594.0,1.920000e-06,1.000000,0.000000e+00
3596.0,2.034000e-06,1.000000,0.000000e+00
3598.0,2.150000e-06,1.000000,0.000000e+00
3600.0,2.269000e-06,1.000000,0.000000e+00
3602.0,2.386000e-06,1.000000,0.000000e+00
3604.0,2.499000e-06,1.000000,0.000000e+00
3606.0,2.600000e-06,1.000000,0.000000e+00
3608.0,2.684000e-06,1.000000,0.000000e+00
3610.0,2.746000e-06,1.000000,0.000000e+00
3612.0,2.781000e-06,1.000000,0.000000e+00
3614.0,2.788000e-06,1.000000,0.000000e+00
3616.0,2.768000e-06,1.000000,0.000000e+00
3618.0,2.720000e-06,1.000000,0.000000e+00
3620.0,2.648000e-06,1.000000,0.000000e+00
3622.0,2.556000e-06,1.000000,0.000000e+00
3624.0,2.448000e-06,1.000000,0.000000e+00
3626.0,2.328000e-06,1.000000,0.000000e+00
3628.0,2.198000e-06,1.000000,0.000000e+00
3630.0,2.063000e-06,1.000000,0.000000e+00
3632.0,1.923000e-06,1.000000,0.000000e+00
3634.0,1.779000e-06,1.000000,0.000000e+00
3636.0,1.628000e-06,1.000000,0.000000e+00
3638.0,1.469000e-06,1.000000,0.000000e+00
3640.0,1.300000e-06,1.000000,0.000000e+00
3642.0,1.126000e-06,1.000000,0.000000e+00
3644.0,9.526000e-07,1.000000,0.000000e+00
3646.0,7.885000e-07,1.000000,0.000000e+00
3648.0,6.394000e-07,1.000000,0.000000e+00
3650.0,5.112000e-07,1.000000,0.000000e+00
3652.0,4.064000e-07,1.000000,0.000000e+00
3654.0,3.262000e-07,1.000000,0.000000e+00
3656.0,2.698000e-07,1.000000,0.000000e+00
3658.0,2.352000e-07,1.000000,0.000000e+00
3660.0,2.206000e-07,1.000000,0.000000e+00
3662.0,2.235000e-07,1.000000,0.000000e+00
3664.0,2.429000e-07,1.000000,0.000000e+00
3666.0,2.784000e-07,1.000000,0.000000e+00
3668.0,3.302000e-07,1.000000,0.000000e+00
3670.0,3.995000e-07,1.000000,0.000000e+00
3672.0,4.880000e-07,1.000000,0.000000e+00
3674.0,5.968000e-07,1.000000,0.000000e+00
3676.0,7.277000e-07,1.000000,0.000000e+00
3678.0,8.811000e-07,1.000000,0.000000e+00
3680.0,1.056000e-06,1.000000,0.000000e+00
3682.0,1.251000e-06,1.000000,0.000000e+00
3684.0,1.461000e-06,1.000000,0.000000e+00
3686.0,1.680000e-06,1.000000,0.000000e+00
3688.0,1.901000e-06,1.000000,0.000000e+00
3690.0,2.116000e-06,1.000000,0.000000e+00
3692.0,2.321000e-06,1.000000,0.000000e+00
3694.0,2.519000e-06,1.000000,0.000000e+00
3696.0,2.715000e-06,1.000000,0.000000e+00
3698.0,2.913000e-06,1.000000,0.000000e+00
3700.0,3.115000e-06,1.000000,0.000000e+00
3702.0,3.321000e-06,1.000000,0.000000e+00
3704.0,3.526000e-06,1.000000,0.000000e+00
3706.0,3.724000e-06,1.000000,0.000000e+00
3708.0,3.905000e-06,1.000000,0.000000e+00
3710.0,4.059000e-06,1.000000,0.000000e+00
3712.0,4.181000e-06,1.000000,0.000000e+00
3714.0,4.261000e-06,1.000000,0.000000e+00
3716.0,4.295000e-06,1.000000,0.000000e+00
3718.0,4.283000e-06,1.000000,0.000000e+00
3720.0,4.225000e-06,1.000000,0.000000e+00
3722.0,4.126000e-06,1.000000,0.000000e+00
3724.0,3.991000e-06,1.000000,0.000000e+00
3726.0,3.826000e-06,1.000000,0.000000e+00
3728.0,3.637000e-06,1.000000,0.000000e+00
3730.0,3.432000e-06,1.000000,0.000000e+00
3732.0,3.215000e-06,1.000000,0.000000e+00
3734.0,2.989000e-06,1.000000,0.000000e+00
3736.0,2.755000e-06,1.000000,0.000000e+00
3738.0,2.511000e-06,1.000000,0.000000e+00
3740.0,2.254000e-06,1.000000,0.000000e+00
3742.0,1.985000e-06,1.000000,0.000000e+00
3744.0,1.706000e-06,1.000000,0.000000e+00
3746.0,1.429000e-06,1.000000,0.000000e+00
3748.0,1.166000e-06,1.000000,0.000000e+00
3750.0,9.250000e-07,1.000000,0.000000e+00
3752.0,7.135000e-07,1.000000,0.000000e+00
3754.0,5.356000e-07,1.000000,0.000000e+00
3756.0,3.921000e-07,1.000000,0.000000e+00
3758.0,2.814000e-07,1.000000,0.000000e+00
3760.0,1.988000e-07,1.000000,0.000000e+00
3762.0,1.398000e-07,1.000000,0.000000e+00
3764.0,9.915000e-08,1.000000,0.000000e+00
3766.0,7.137000e-08,1.000000,0.000000e+00
3768.0,5.280000e-08,1.000000,0.000000e+00
3770.0,4.038000e-08,1.000000,0.000000e+00
3772.0,3.192000e-08,1.000000,0.000000e+00
3774.0,2.601000e-08,1.000000,0.000000e+00
3776.0,2.164000e-08,1.000000,0.000000e+00
3778.0,1.836000e-08,1.000000,0.000000e+00
3780.0,1.578000e-08,1.000000,0.000000e+00
3782.0,1.371000e-08,1.000000,0.000000e+00
3784.0,1.199000e-08,1.000000,0.000000e+00
3786.0,1.056000e-08,1.000000,0.000000e+00
3788.0,9.353000e-09,1.000000,0.000000e+00
3790.0,8.321000e-09,1.000000,0.000000e+00
3792.0,7.436000e-09,1.000000,0.000000e+00
3794.0,6.672000e-09,1.000000,0.000000e+00
3796.0,6.010000e-09,1.000000,0.000000e+00
3798.0,5.433000e-09,1.000000,0.000000e+00
3800.0,4.929000e-09,1.000000,0.000000e+00
3802.0,4.487000e-09,1.000000,0.000000e+00
3804.0,4.098000e-09,1.000000,0.000000e+00
3806.0,3.754000e-09,1.000000,0.000000e+00
3808.0,3.448000e-09,1.000000,0.000000e+00
3810.0,3.174000e-09,1.000000,0.000000e+00
3812.0,2.929000e-09,1.000000,0.000000e+00
3814.0,2.708000e-09,1.000000,0.000000e+00
3816.0,2.507000e-09,1.000000,0.000000e+00
3818.0,2.325000e-09,1.000000,0.000000e+00
3820.0,2.159000e-09,1.000000,0.000000e+00
3822.0,2.006000e-09,1.000000,0.000000e+00
3824.0,1.866000e-09,1.000000,0.000000e+00
3826.0,1.738000e-09,1.000000,0.000000e+00
3828.0,1.619000e-09,1.000000,0.000000e+00
3830.0,1.510000e-09,1.000000,0.000000e+00
3832.0,1.409000e-09,1.000000,0.000000e+00
3834.0,1.316000e-09,1.000000,0.000000e+00
3836.0,1.230000e-09,1.000000,0.000000e+00
3838.0,1.149000e-09,1.000000,0.000000e+00
3840.0,1.074000e-09,1.000000,0.000000e+00
3842.0,1.003000e-09,1.000000,0.000000e+00
3844.0,9.372000e-10,1.000000,0.000000e+00
3846.0,8.757000e-10,1.000000,0.000000e+00
3848.0,8.186000e-10,1.000000,0.000000e+00
3850.0,7.661000e-10,1.000000,0.000000e+00
3852.0,7.179000e-10,1.000000,0.000000e+00
3854.0,6.740000e-10,1.000000,0.000000e+00
3856.0,6.339000e-10,1.000000,0.000000e+00
3858.0,5.974000e-10,1.000000,0.000000e+00
3860.0,5.641000e-10,1.000000,0.000000e+00
3862.0,5.335000e-10,1.000000,0.000000e+00
3864.0,5.053000e-10,1.000000,0.000000e+00
3866.0,4.791000e-10,1.000000,0.000000e+00
3868.0,4.548000e-10,1.000000,0.000000e+00
3870.0,4.321000e-10,1.000000,0.000000e+00
3872.0,4.109000e-10,1.000000,0.000000e+00
3874.0,3.909000e-10,1.000000,0.000000e+00
3876.0,3.722000e-10,1.000000,0.000000e+00
3878.0,3.546000e-10,1.000000,0.000000e+00
3880.0,3.380000e-10,1.000000,0.000000e+00
3882.0,3.224000e-10,1.000000,0.000000e+00
3884.0,3.076000e-10,1.000000,0.000000e+00
3886.0,2.936000e-10,1.000000,0.000000e+00
3888.0,2.804000e-10,1.000000,0.000000e+00
3890.0,2.680000e-10,1.000000,0.000000e+00
3892.0,2.562000e-10,1.000000,0.000000e+00
3894.0,2.451000e-10,1.000000,0.000000e+00
3896.0,2.346000e-10,1.000000,0.000000e+00
3898.0,2.246000e-10,1.000000,0.000000e+00
3900.0,2.153000e-10,1.000000,0.000000e+00
3902.0,2.064000e-10,1.000000,0.000000e+00
3904.0,1.981000e-10,1.000000,0.000000e+00
3906.0,1.901000e-10,1.000000,0.000000e+00
3908.0,1.826000e-10,1.000000,0.000000e+00
3910.0,1.755000e-10,1.000000,0.000000e+00
3912.0,1.687000e-10,1.000000,0.000000e+00
3914.0,1.623000e-10,1.000000,0.000000e+00
3916.0,1.562000e-10,1.000000,0.000000e+00
3918.0,1.503000e-10,1.000000,0.000000e+00
3920.0,1.448000e-10,1.000000,0.000000e+00
3922.0,1.395000e-10,1.000000,0.000000e+00
3924.0,1.344000e-10,1.000000,0.000000e+00
3926.0,1.296000e-10,1.000000,0.000000e+00
3928.0,1.250000e-10,1.000000,0.000000e+00
3930.0,1.206000e-10,1.000000,0.000000e+00
3932.0,1.165000e-10,1.000000,0.000000e+00
3934.0,1.125000e-10,1.000000,0.000000e+00
3936.0,1.087000e-10,1.000000,0.000000e+00
3938.0,1.050000e-10,1.000000,0.000000e+00
3940.0,1.015000e-10,1.000000,0.000000e+00
3942.0,9.822000e-11,1.000000,0.000000e+00
3944.0,9.506000e-11,1.000000,0.000000e+00
3946.0,9.203000e-11,1.000000,0.000000e+00
3948.0,8.915000e-11,1.000000,0.000000e+00
3950.0,8.640000e-11,1.000000,0.000000e+00
3952.0,8.377000e-11,1.000000,0.000000e+00
3954.0,8.127000e-11,1.000000,0.000000e+00
3956.0,7.888000e-11,1.000000,0.000000e+00
3958.0,7.660000e-11,1.000000,0.000000e+00
3960.0,7.442000e-11,1.000000,0.000000e+00
3962.0,7.234000e-11,1.000000,0.000000e+00
3964.0,7.035000e-11,1.000000,0.000000e+00
3966.0,6.844000e-11,1.000000,0.000000e+00
3968.0,6.661000e-11,1.000000,0.000000e+00
3970.0,6.486000e-11,1.000000,0.000000e+00
3972.0,6.316000e-11,1.000000,0.000000e+00
3974.0,6.154000e-11,1.000000,0.000000e+00
3976.0,5.998000e-11,1.000000,0.000000e+00
3978.0,5.850000e-11,1.000000,0.000000e+00
3980.0,5.710000e-11,1.000000,0.000000e+00
3982.0,5.582000e-11,1.000000,0.000000e+00
3984.0,5.460000e-11,1.000000,0.000000e+00
3986.0,5.344000e-11,1.000000,0.000000e+00
3988.0,5.234000e-11,1.000000,0.000000e+00
3990.0,5.132000e-11,1.000000,0.000000e+00
3992.0,5.040000e-11,1.000000,0.000000e+00
3994.0,4.961000e-11,1.000000,0.000000e+00
3996.0,4.896000e-11,1.000000,0.000000e+00
3998.0,4.845000e-11,1.000000,0.000000e+00
4000.0,4.806000e-11,1.000000,0.000000e+00
4002.0,4.774000e-11,1.000000,0.000000e+00
4004.0,4.742000e-11,1.000000,0.000000e+00
4006.0,4.702000e-11,1.000000,0.000000e+00
4008.0,4.652000e-11,1.000000,0.000000e+00
4010.0,4.594000e-11,1.000000,0.000000e+00
4012.0,4.527000e-11,1.000000,0.000000e+00
4014.0,4.451000e-11,1.000000,0.000000e+00
4016.0,4.366000e-11,1.000000,0.000000e+00
4018.0,4.274000e-11,1.000000,0.000000e+00
4020.0,4.172000e-11,1.000000,0.000000e+00
4022.0,4.063000e-11,1.000000,0.000000e+00
4024.0,3.946000e-11,1.000000,0.000000e+00
4026.0,3.822000e-11,1.000000,0.000000e+00
4028.0,3.693000e-11,1.000000,0.000000e+00
4030.0,3.560000e-11,1.000000,0.000000e+00
4032.0,3.428000e-11,1.000000,0.000000e+00
4034.0,3.293000e-11,1.000000,0.000000e+00
4036.0,3.155000e-11,1.000000,0.000000e+00
4038.0,3.014000e-11,1.000000,0.000000e+00
4040.0,2.872000e-11,1.000000,0.000000e+00
4042.0,2.734000e-11,1.000000,0.000000e+00
4044.0,2.603000e-11,1.000000,0.000000e+00
4046.0,2.482000e-11,1.000000,0.000000e+00
4048.0,2.376000e-11,1.000000,0.000000e+00
4050.0,2.286000e-11,1.000000,0.000000e+00
4052.0,2.211000e-11,1.000000,0.000000e+00
4054.0,2.146000e-11,1.000000,0.000000e+00
4056.0,2.088000e-11,1.000000,0.000000e+00
4058.0,2.032000e-11,1.000000,0.000000e+00
4060.0,1.980000e-11,1.000000,0.000000e+00
4062.0,1.930000e-11,1.000000,0.000000e+00
4064.0,1.882000e-11,1.000000,0.000000e+00
4066.0,1.836000e-11,1.000000,0.000000e+00
4068.0,1.792000e-11,1.000000,0.000000e+00
4070.0,1.749000e-11,1.000000,0.000000e+00
4072.0,1.708000e-11,1.000000,0.000000e+00
4074.0,1.669000e-11,1.000000,0.000000e+00
4076.0,1.630000e-11,1.000000,0.000000e+00
4078.0,1.593000e-11,1.000000,0.000000e+00
4080.0,1.557000e-11,1.000000,0.000000e+00
4082.0,1.522000e-11,1.000000,0.000000e+00
4084.0,1.488000e-11,1.000000,0.000000e+00
4086.0,1.456000e-11,1.000000,0.000000e+00
4088.0,1.424000e-11,1.000000,0.000000e+00
4090.0,1.392000e-11,1.000000,0.000000e+00
4092.0,1.362000e-11,1.000000,0.000000e+00
4094.0,1.333000e-11,1.000000,0.000000e+00
4096.0,1.304000e-11,1.000000,0.000000e+00
4098.0,1.276000e-11,1.000000,0.000000e+00
4100.0,1.249000e-11,1.000000,0.000000e+00
4102.0,1.223000e-11,1.000000,0.000000e+00
4104.0,1.197000e-11,1.000000,0.000000e+00
4106.0,1.172000e-11,1.000000,0.000000e+00
4108.0,1.147000e-11,1.000000,0.000000e+00
4110.0,1.124000e-11,1.000000,0.000000e+00
4112.0,1.100000e-11,1.000000,0.000000e+00
4114.0,1.078000e-11,1.000000,0.000000e+00
4116.0,1.056000e-11,1.000000,0.000000e+00
4118.0,1.034000e-11,1.000000,0.000000e+00
4120.0,1.013000e-11,1.000000,0.000000e+00
4122.0,9.924000e-12,1.000000,0.000000e+00
4124.0,9.723000e-12,1.000000,0.000000e+00
4126.0,9.528000e-12,1.000000,0.000000e+00
4128.0,9.336000e-12,1.000000,0.000000e+00
4130.0,9.149000e-12,1.000000,0.000000e+00
4132.0,8.967000e-12,1.000000,0.000000e+00
4134.0,8.789000e-12,1.000000,0.000000e+00
4136.0,8.615000e-12,1.000000,0.000000e+00
4138.0,8.445000e-12,1.000000,0.000000e+00
4140.0,8.278000e-12,1.000000,0.000000e+00
4142.0,8.116000e-12,1.000000,0.000000e+00
4144.0,7.957000e-12,1.000000,0.000000e+00
4146.0,7.802000e-12,1.000000,0.000000e+00
4148.0,7.650000e-12,1.000000,0.000000e+00
4150.0,7.502000e-12,1.000000,0.000000e+00
4152.0,7.357000e-12,1.000000,0.000000e+00
4154.0,7.215000e-12,1.000000,0.000000e+00
4156.0,7.076000e-12,1.000000,0.000000e+00
4158.0,6.940000e-12,1.000000,0.000000e+00
4160.0,6.807000e-12,1.000000,0.000000e+00
4162.0,6.677000e-12,1.000000,0.000000e+00
4164.0,6.550000e-12,1.000000,0.000000e+00
4166.0,6.426000e-12,1.000000,0.000000e+00
4168.0,6.304000e-12,1.000000,0.000000e+00
4170.0,6.185000e-12,1.000000,0.000000e+00
4172.0,6.068000e-12,1.000000,0.000000e+00
4174.0,5.954000e-12,1.000000,0.000000e+00
4176.0,5.842000e-12,1.000000,0.000000e+00
4178.0,5.732000e-12,1.000000,0.000000e+00
4180.0,5.625000e-12,1.000000,0.000000e+00
4182.0,5.520000e-12,1.000000,0.000000e+00
4184.0,5.417000e-12,1.000000,0.000000e+00
4186.0,5.316000e-12,1.000000,0.000000e+00
4188.0,5.217000e-12,1.000000,0.000000e+00
4190.0,5.121000e-12,1.000000,0.000000e+00
4192.0,5.026000e-12,1.000000,0.000000e+00
4194.0,4.933000e-12,1.000000,0.000000e+00
4196.0,4.842000e-12,1.000000,0.000000e+00
4198.0,4.753000e-12,1.000000,0.000000e+00
4200.0,4.665000e-12,1.000000,0.000000e+00
4202.0,4.580000e-12,1.000000,0.000000e+00
4204.0,4.496000e-12,1.000000,0.000000e+00
4206.0,4.414000e-12,1.000000,0.000000e+00
4208.0,4.333000e-12,1.000000,0.000000e+00
4210.0,4.254000e-12,1.000000,0.000000e+00
4212.0,4.176000e-12,1.000000,0.000000e+00
4214.0,4.100000e-12,1.000000,0.000000e+00
4216.0,4.025000e-12,1.000000,0.000000e+00
4218.0,3.952000e-12,1.000000,0.000000e+00
4220.0,3.880000e-12,1.000000,0.000000e+00
4222.0,3.810000e-12,1.000000,0.000000e+00
4224.0,3.741000e-12,1.000000,0.000000e+00
4226.0,3.673000e-12,1.000000,0.000000e+00
4228.0,3.607000e-12,1.000000,0.000000e+00
4230.0,3.542000e-12,1.000000,0.000000e+00
4232.0,3.478000e-12,1.000000,0.000000e+00
4234.0,3.415000e-12,1.000000,0.000000e+00
4236.0,3.353000e-12,1.000000,0.000000e+00
4238.0,3.293000e-12,1.000000,0.000000e+00
4240.0,3.233000e-12,1.000000,0.000000e+00
4242.0,3.175000e-12,1.000000,0.000000e+00
4244.0,3.118000e-12,1.000000,0.000000e+00
4246.0,3.062000e-12,1.000000,0.000000e+00
4248.0,3.007000e-12,1.000000,0.000000e+00
4250.0,2.953000e-12,1.000000,0.000000e+00
4252.0,2.899000e-12,1.000000,0.000000e+00
4254.0,2.847000e-12,1.000000,0.000000e+00
4256.0,2.796000e-12,1.000000,0.000000e+00
4258.0,2.746000e-12,1.000000,0.000000e+00
4260.0,2.696000e-12,1.000000,0.000000e+00
4262.0,2.648000e-12,1.000000,0.000000e+00
4264.0,2.600000e-12,1.000000,0.000000e+00
4266.0,2.554000e-12,1.000000,0.000000e+00
4268.0,2.508000e-12,1.000000,0.000000e+00
4270.0,2.463000e-12,1.000000,0.000000e+00
4272.0,2.418000e-12,1.000000,0.000000e+00
4274.0,2.375000e-12,1.000000,0.000000e+00
4276.0,2.332000e-12,1.000000,0.000000e+00
4278.0,2.290000e-12,1.000000,0.000000e+00
4280.0,2.249000e-12,1.000000,0.000000e+00
4282.0,2.208000e-12,1.000000,0.000000e+00
4284.0,2.168000e-12,1.000000,0.000000e+00
4286.0,2.129000e-12,1.000000,0.000000e+00
4288.0,2.090000e-12,1.000000,0.000000e+00
4290.0,2.053000e-12,1.000000,0.000000e+00
4292.0,2.015000e-12,1.000000,0.000000e+00
4294.0,1.979000e-12,1.000000,0.000000e+00
4296.0,1.943000e-12,1.000000,0.000000e+00
4298.0,1.908000e-12,1.000000,0.000000e+00
4300.0,1.873000e-12,1.000000,0.000000e+00
4302.0,1.839000e-12,1.000000,0.000000e+00
4304.0,1.805000e-12,1.000000,0.000000e+00
4306.0,1.772000e-12,1.000000,0.000000e+00
4308.0,1.740000e-12,1.000000,0.000000e+00
4310.0,1.708000e-12,1.000000,0.000000e+00
4312.0,1.677000e-12,1.000000,0.000000e+00
4314.0,1.646000e-12,1.000000,0.000000e+00
4316.0,1.616000e-12,1.000000,0.000000e+00
4318.0,1.586000e-12,1.000000,0.000000e+00
4320.0,1.557000e-12,1.000000,0.000000e+00
4322.0,1.528000e-12,1.000000,0.000000e+00
4324.0,1.500000e-12,1.000000,0.000000e+00
4326.0,1.472000e-12,1.000000,0.000000e+00
4328.0,1.445000e-12,1.000000,0.000000e+00
4330.0,1.418000e-12,1.000000,0.000000e+00
4332.0,1.391000e-12,1.000000,0.000000e+00
4334.0,1.365000e-12,1.000000,0.000000e+00
4336.0,1.340000e-12,1.000000,0.000000e+00
4338.0,1.314000e-12,1.000000,0.000000e+00
4340.0,1.290000e-12,1.000000,0.000000e+00
4342.0,1.265000e-12,1.000000,0.000000e+00
4344.0,1.241000e-12,1.000000,0.000000e+00
4346.0,1.218000e-12,1.000000,0.000000e+00
4348.0,1.195000e-12,1.000000,0.000000e+00
4350.0,1.172000e-12,1.000000,0.000000e+00
4352.0,1.150000e-12,1.000000,0.000000e+00
4354.0,1.128000e-12,1.000000,0.000000e+00
4356.0,1.106000e-12,1.000000,0.000000e+00
4358.0,1.085000e-12,1.000000,0.000000e+00
4360.0,1.064000e-12,1.000000,0.000000e+00
4362.0,1.043000e-12,1.000000,0.000000e+00
4364.0,1.023000e-12,1.000000,0.000000e+00
4366.0,1.003000e-12,1.000000,0.000000e+00
4368.0,9.835000e-13,1.000000,0.000000e+00
4370.0,9.643000e-13,1.000000,0.000000e+00
4372.0,9.453000e-13,1.000000,0.000000e+00
4374.0,9.267000e-13,1.000000,0.000000e+00
4376.0,9.084000e-13,1.000000,0.000000e+00
4378.0,8.904000e-13,1.000000,0.000000e+00
4380.0,8.727000e-13,1.000000,0.000000e+00
4382.0,8.553000e-13,1.000000,0.000000e+00
4384.0,8.382000e-13,1.000000,0.000000e+00
4386.0,8.213000e-13,1.000000,0.000000e+00
4388.0,8.048000e-13,1.000000,0.000000e+00
4390.0,7.885000e-13,1.000000,0.000000e+00
4392.0,7.725000e-13,1.000000,0.000000e+00
4394.0,7.568000e-13,1.000000,0.000000e+00
4396.0,7.414000e-13,1.000000,0.000000e+00
4398.0,7.262000e-13,1.000000,0.000000e+00
4400.0,7.113000e-13,1.000000,0.000000e+00
4402.0,6.966000e-13,1.000000,0.000000e+00
4404.0,6.822000e-13,1.000000,0.000000e+00
4406.0,6.680000e-13,1.000000,0.000000e+00
4408.0,6.541000e-13,1.000000,0.000000e+00
4410.0,6.404000e-13,1.000000,0.000000e+00
4412.0,6.270000e-13,1.000000,0.000000e+00
4414.0,6.138000e-13,1.000000,0.000000e+00
4416.0,6.009000e-13,1.000000,0.000000e+00
4418.0,5.882000e-13,1.000000,0.000000e+00
4420.0,5.757000e-13,1.000000,0.000000e+00
4422.0,5.634000e-13,1.000000,0.000000e+00
4424.0,5.514000e-13,1.000000,0.000000e+00
4426.0,5.396000e-13,1.000000,0.000000e+00
4428.0,5.280000e-13,1.000000,0.000000e+00
4430.0,5.167000e-13,1.000000,0.000000e+00
4432.0,5.055000e-13,1.000000,0.000000e+00
4434.0,4.946000e-13,1.000000,0.000000e+00
4436.0,4.839000e-13,1.000000,0.000000e+00
4438.0,4.734000e-13,1.000000,0.000000e+00
4440.0,4.631000e-13,1.000000,0.000000e+00
4442.0,4.531000e-13,1.000000,0.000000e+00
4444.0,4.432000e-13,1.000000,0.000000e+00
4446.0,4.336000e-13,1.000000,0.000000e+00
4448.0,4.241000e-13,1.000000,0.000000e+00
4450.0,4.149000e-13,1.000000,0.000000e+00
4452.0,4.059000e-13,1.000000,0.000000e+00
4454.0,3.971000e-13,1.000000,0.000000e+00
4456.0,3.885000e-13,1.000000,0.000000e+00
4458.0,3.801000e-13,1.000000,0.000000e+00
4460.0,3.720000e-13,1.000000,0.000000e+00
4462.0,3.640000e-13,1.000000,0.000000e+00
4464.0,3.562000e-13,1.000000,0.000000e+00
4466.0,3.487000e-13,1.000000,0.000000e+00
4468.0,3.414000e-13,1.000000,0.000000e+00
4470.0,3.342000e-13,1.000000,0.000000e+00
4472.0,3.274000e-13,1.000000,0.000000e+00
4474.0,3.207000e-13,1.000000,0.000000e+00
4476.0,3.142000e-13,1.000000,0.000000e+00
4478.0,3.080000e-13,1.000000,0.000000e+00
4480.0,3.020000e-13,1.000000,0.000000e+00
4482.0,2.963000e-13,1.000000,0.000000e+00
4484.0,2.908000e-13,1.000000,0.000000e+00
4486.0,2.856000e-13,1.000000,0.000000e+00
4488.0,2.806000e-13,1.000000,0.000000e+00
4490.0,2.759000e-13,1.000000,0.000000e+00
4492.0,2.715000e-13,1.000000,0.000000e+00
4494.0,2.673000e-13,1.000000,0.000000e+00
4496.0,2.635000e-13,1.000000,0.000000e+00
4498.0,2.600000e-13,1.000000,0.000000e+00
4500.0,2.569000e-13,1.000000,0.000000e+00
4502.0,2.542000e-13,1.000000,0.000000e+00
4504.0,2.519000e-13,1.000000,0.000000e+00
4506.0,2.500000e-13,1.000000,0.000000e+00
4508.0,2.487000e-13,1.000000,0.000000e+00
4510.0,2.479000e-13,1.000000,0.000000e+00
4512.0,2.477000e-13,1.000000,0.000000e+00
4514.0,2.483000e-13,1.000000,0.000000e+00
4516.0,2.498000e-13,1.000000,0.000000e+00
4518.0,2.524000e-13,1.000000,0.000000e+00
4520.0,2.562000e-13,1.000000,0.000000e+00
4522.0,2.614000e-13,1.000000,0.000000e+00
4524.0,2.684000e-13,1.000000,0.000000e+00
4526.0,2.776000e-13,1.000000,0.000000e+00
4528.0,2.894000e-13,1.000000,0.000000e+00
4530.0,3.045000e-13,1.000000,0.000000e+00
4532.0,3.235000e-13,1.000000,0.000000e+00
4534.0,3.472000e-13,1.000000,0.000000e+00
4536.0,3.765000e-13,1.000000,0.000000e+00
4538.0,4.123000e-13,1.000000,0.000000e+00
4540.0,4.554000e-13,1.000000,0.000000e+00
4542.0,5.064000e-13,1.000000,0.000000e+00
4544.0,5.654000e-13,1.000000,0.000000e+00
4546.0,6.321000e-13,1.000000,0.000000e+00
4548.0,7.055000e-13,1.000000,0.000000e+00
4550.0,7.844000e-13,1.000000,0.000000e+00
4552.0,8.666000e-13,1.000000,0.000000e+00
4554.0,9.498000e-13,1.000000,0.000000e+00
4556.0,1.032000e-12,1.000000,0.000000e+00
4558.0,1.111000e-12,1.000000,0.000000e+00
4560.0,1.186000e-12,1.000000,0.000000e+00
4562.0,1.257000e-12,1.000000,0.000000e+00
4564.0,1.322000e-12,1.000000,0.000000e+00
4566.0,1.377000e-12,1.000000,0.000000e+00
4568.0,1.473000e-12,1.000000,0.000000e+00
4570.0,1.580000e-12,1.000000,0.000000e+00
4572.0,1.690000e-12,1.000000,0.000000e+00
4574.0,1.806000e-12,1.000000,0.000000e+00
4576.0,1.930000e-12,1.000000,0.000000e+00
4578.0,2.066000e-12,1.000000,0.000000e+00
4580.0,2.217000e-12,1.000000,0.000000e+00
4582.0,2.386000e-12,1.000000,0.000000e+00
4584.0,2.572000e-12,1.000000,0.000000e+00
4586.0,2.771000e-12,1.000000,0.000000e+00
4588.0,2.983000e-12,1.000000,0.000000e+00
4590.0,3.199000e-12,1.000000,0.000000e+00
4592.0,3.414000e-12,1.000000,0.000000e+00
4594.0,3.619000e-12,1.000000,0.000000e+00
4596.0,3.810000e-12,1.000000,0.000000e+00
4598.0,3.980000e-12,1.000000,0.000000e+00
4600.0,4.123000e-12,1.000000,0.000000e+00
4602.0,4.235000e-12,1.000000,0.000000e+00
4604.0,4.311000e-12,1.000000,0.000000e+00
4606.0,4.348000e-12,1.000000,0.000000e+00
4608.0,4.343000e-12,1.000000,0.000000e+00
4610.0,4.296000e-12,1.000000,0.000000e+00
4612.0,4.204000e-12,1.000000,0.000000e+00
4614.0,4.069000e-12,1.000000,0.000000e+00
4616.0,3.891000e-12,1.000000,0.000000e+00
4618.0,3.711000e-12,1.000000,0.000000e+00
4620.0,3.520000e-12,1.000000,0.000000e+00
4622.0,3.310000e-12,1.000000,0.000000e+00
4624.0,3.085000e-12,1.000000,0.000000e+00
4626.0,2.854000e-12,1.000000,0.000000e+00
4628.0,2.622000e-12,1.000000,0.000000e+00
4630.0,2.400000e-12,1.000000,0.000000e+00
4632.0,2.198000e-12,1.000000,0.000000e+00
4634.0,2.022000e-12,1.000000,0.000000e+00
4636.0,1.879000e-12,1.000000,0.000000e+00
4638.0,1.772000e-12,1.000000,0.000000e+00
4640.0,1.703000e-12,1.000000,0.000000e+00
4642.0,1.673000e-12,1.000000,0.000000e+00
4644.0,1.680000e-12,1.000000,0.000000e+00
4646.0,1.723000e-12,1.000000,0.000000e+00
4648.0,1.799000e-12,1.000000,0.000000e+00
4650.0,1.911000e-12,1.000000,0.000000e+00
4652.0,2.055000e-12,1.000000,0.000000e+00
4654.0,2.231000e-12,1.000000,0.000000e+00
4656.0,2.440000e-12,1.000000,0.000000e+00
4658.0,2.683000e-12,1.000000,0.000000e+00
4660.0,2.960000e-12,1.000000,0.000000e+00
4662.0,3.271000e-12,1.000000,0.000000e+00
4664.0,3.620000e-12,1.000000,0.000000e+00
4666.0,4.012000e-12,1.000000,0.000000e+00
4668.0,4.456000e-12,1.000000,0.000000e+00
4670.0,4.958000e-12,1.000000,0.000000e+00
4672.0,5.520000e-12,1.000000,0.000000e+00
4674.0,6.142000e-12,1.000000,0.000000e+00
4676.0,6.818000e-12,1.000000,0.000000e+00
4678.0,7.538000e-12,1.000000,0.000000e+00
4680.0,8.289000e-12,1.000000,0.000000e+00
4682.0,9.052000e-12,1.000000,0.000000e+00
4684.0,9.821000e-12,1.000000,0.000000e+00
4686.0,1.060000e-11,1.000000,0.000000e+00
4688.0,1.140000e-11,1.000000,0.000000e+00
4690.0,1.226000e-11,1.000000,0.000000e+00
4692.0,1.320000e-11,1.000000,0.000000e+00
4694.0,1.426000e-11,1.000000,0.000000e+00
4696.0,1.547000e-11,1.000000,0.000000e+00
4698.0,1.686000e-11,1.000000,0.000000e+00
4700.0,1.846000e-11,1.000000,0.000000e+00
4702.0,2.030000e-11,1.000000,0.000000e+00
4704.0,2.243000e-11,1.000000,0.000000e+00
4706.0,2.487000e-11,1.000000,0.000000e+00
4708.0,2.767000e-11,1.000000,0.000000e+00
4710.0,3.089000e-11,1.000000,0.000000e+00
4712.0,3.452000e-11,1.000000,0.000000e+00
4714.0,3.858000e-11,1.000000,0.000000e+00
4716.0,4.305000e-11,1.000000,0.000000e+00
4718.0,4.791000e-11,1.000000,0.000000e+00
4720.0,5.309000e-11,1.000000,0.000000e+00
4722.0,5.851000e-11,1.000000,0.000000e+00
4724.0,6.412000e-11,1.000000,0.000000e+00
4726.0,6.995000e-11,1.000000,0.000000e+00
4728.0,7.609000e-11,1.000000,0.000000e+00
4730.0,8.271000e-11,1.000000,0.000000e+00
4732.0,8.987000e-11,1.000000,0.000000e+00
4734.0,9.758000e-11,1.000000,0.000000e+00
4736.0,1.058000e-10,1.000000,0.000000e+00
4738.0,1.146000e-10,1.000000,0.000000e+00
4740.0,1.237000e-10,1.000000,0.000000e+00
4742.0,1.331000e-10,1.000000,0.000000e+00
4744.0,1.428000e-10,1.000000,0.000000e+00
4746.0,1.530000e-10,1.000000,0.000000e+00
4748.0,1.638000e-10,1.000000,0.000000e+00
4750.0,1.755000e-10,1.000000,0.000000e+00
4752.0,1.886000e-10,1.000000,0.000000e+00
4754.0,2.036000e-10,1.000000,0.000000e+00
4756.0,2.212000e-10,1.000000,0.000000e+00
4758.0,2.418000e-10,1.000000,0.000000e+00
4760.0,2.662000e-10,1.000000,0.000000e+00
4762.0,2.949000e-10,1.000000,0.000000e+00
4764.0,3.287000e-10,1.000000,0.000000e+00
4766.0,3.677000e-10,1.000000,0.000000e+00
4768.0,4.130000e-10,1.000000,0.000000e+00
4770.0,4.648000e-10,1.000000,0.000000e+00
4772.0,5.232000e-10,1.000000,0.000000e+00
4774.0,5.877000e-10,1.000000,0.000000e+00
4776.0,6.574000e-10,1.000000,0.000000e+00
4778.0,7.307000e-10,1.000000,0.000000e+00
4780.0,8.058000e-10,1.000000,0.000000e+00
4782.0,8.802000e-10,1.000000,0.000000e+00
4784.0,9.540000e-10,1.000000,0.000000e+00
4786.0,1.027000e-09,1.000000,0.000000e+00
4788.0,1.102000e-09,1.000000,0.000000e+00
4790.0,1.181000e-09,1.000000,0.000000e+00
4792.0,1.268000e-09,1.000000,0.000000e+00
4794.0,1.365000e-09,1.000000,0.000000e+00
4796.0,1.476000e-09,1.000000,0.000000e+00
4798.0,1.601000e-09,1.000000,0.000000e+00
4800.0,1.744000e-09,1.000000,0.000000e+00
4802.0,1.908000e-09,1.000000,0.000000e+00
4804.0,2.099000e-09,1.000000,0.000000e+00
4806.0,2.323000e-09,1.000000,0.000000e+00
4808.0,2.589000e-09,1.000000,0.000000e+00
4810.0,2.904000e-09,1.000000,0.000000e+00
4812.0,3.278000e-09,1.000000,0.000000e+00
4814.0,3.721000e-09,1.000000,0.000000e+00
4816.0,4.237000e-09,1.000000,0.000000e+00
4818.0,4.828000e-09,1.000000,0.000000e+00
4820.0,5.491000e-09,1.000000,0.000000e+00
4822.0,6.214000e-09,1.000000,0.000000e+00
4824.0,6.977000e-09,1.000000,0.000000e+00
4826.0,7.752000e-09,1.000000,0.000000e+00
4828.0,8.508000e-09,1.000000,0.000000e+00
4830.0,9.225000e-09,1.000000,0.000000e+00
4832.0,9.899000e-09,1.000000,0.000000e+00
4834.0,1.055000e-08,1.000000,0.000000e+00
4836.0,1.120000e-08,1.000000,0.000000e+00
4838.0,1.187000e-08,1.000000,0.000000e+00
4840.0,1.256000e-08,1.000000,0.000000e+00
4842.0,1.325000e-08,1.000000,0.000000e+00
4844.0,1.395000e-08,1.000000,0.000000e+00
4846.0,1.461000e-08,1.000000,0.000000e+00
4848.0,1.520000e-08,1.000000,0.000000e+00
4850.0,1.569000e-08,1.000000,0.000000e+00
4852.0,1.605000e-08,1.000000,0.000000e+00
4854.0,1.626000e-08,1.000000,0.000000e+00
4856.0,1.631000e-08,1.000000,0.000000e+00
4858.0,1.620000e-08,1.000000,0.000000e+00
4860.0,1.594000e-08,1.000000,0.000000e+00
4862.0,1.553000e-08,1.000000,0.000000e+00
4864.0,1.501000e-08,1.000000,0.000000e+00
4866.0,1.439000e-08,1.000000,0.000000e+00
4868.0,1.370000e-08,1.000000,0.000000e+00
4870.0,1.296000e-08,1.000000,0.000000e+00
4872.0,1.219000e-08,1.000000,0.000000e+00
4874.0,1.139000e-08,1.000000,0.000000e+00
4876.0,1.055000e-08,1.000000,0.000000e+00
4878.0,9.668000e-09,1.000000,0.000000e+00
4880.0,8.719000e-09,1.000000,0.000000e+00
4882.0,7.720000e-09,1.000000,0.000000e+00
4884.0,6.699000e-09,1.000000,0.000000e+00
4886.0,5.699000e-09,1.000000,0.000000e+00
4888.0,4.763000e-09,1.000000,0.000000e+00
4890.0,3.920000e-09,1.000000,0.000000e+00
4892.0,3.193000e-09,1.000000,0.000000e+00
4894.0,2.592000e-09,1.000000,0.000000e+00
4896.0,2.116000e-09,1.000000,0.000000e+00
4898.0,1.754000e-09,1.000000,0.000000e+00
4900.0,1.496000e-09,1.000000,0.000000e+00
4902.0,1.322000e-09,1.000000,0.000000e+00
4904.0,1.222000e-09,1.000000,0.000000e+00
4906.0,1.179000e-09,1.000000,0.000000e+00
4908.0,1.188000e-09,1.000000,0.000000e+00
4910.0,1.242000e-09,1.000000,0.000000e+00
4912.0,1.341000e-09,1.000000,0.000000e+00
4914.0,1.488000e-09,1.000000,0.000000e+00
4916.0,1.691000e-09,1.000000,0.000000e+00
4918.0,1.963000e-09,1.000000,0.000000e+00
4920.0,2.320000e-09,1.000000,0.000000e+00
4922.0,2.783000e-09,1.000000,0.000000e+00
4924.0,3.375000e-09,1.000000,0.000000e+00
4926.0,4.124000e-09,1.000000,0.000000e+00
4928.0,5.059000e-09,1.000000,0.000000e+00
4930.0,6.212000e-09,1.000000,0.000000e+00
4932.0,7.615000e-09,1.000000,0.000000e+00
4934.0,9.297000e-09,1.000000,0.000000e+00
4936.0,1.128000e-08,1.000000,0.000000e+00
4938.0,1.359000e-08,1.000000,0.000000e+00
4940.0,1.623000e-08,1.000000,0.000000e+00
4942.0,1.920000e-08,1.000000,0.000000e+00
4944.0,2.246000e-08,1.000000,0.000000e+00
4946.0,2.598000e-08,1.000000,0.000000e+00
4948.0,2.967000e-08,1.000000,0.000000e+00
4950.0,3.341000e-08,1.000000,0.000000e+00
4952.0,3.709000e-08,1.000000,0.000000e+00
4954.0,4.060000e-08,1.000000,0.000000e+00
4956.0,4.393000e-08,1.000000,0.000000e+00
4958.0,4.715000e-08,1.000000,0.000000e+00
4960.0,5.035000e-08,1.000000,0.000000e+00
4962.0,5.359000e-08,1.000000,0.000000e+00
4964.0,5.689000e-08,1.000000,0.000000e+00
4966.0,6.020000e-08,1.000000,0.000000e+00
4968.0,6.340000e-08,1.000000,0.000000e+00
4970.0,6.637000e-08,1.000000,0.000000e+00
4972.0,6.892000e-08,1.000000,0.000000e+00
4974.0,7.091000e-08,1.000000,0.000000e+00
4976.0,7.222000e-08,1.000000,0.000000e+00
4978.0,7.275000e-08,1.000000,0.000000e+00
4980.0,7.249000e-08,1.000000,0.000000e+00
4982.0,7.146000e-08,1.000000,0.000000e+00
4984.0,6.970000e-08,1.000000,0.000000e+00
4986.0,6.732000e-08,1.000000,0.000000e+00
4988.0,6.443000e-08,1.000000,0.000000e+00
4990.0,6.112000e-08,1.000000,0.000000e+00
4992.0,5.751000e-08,1.000000,0.000000e+00
4994.0,5.370000e-08,1.000000,0.000000e+00
4996.0,4.974000e-08,1.000000,0.000000e+00
4998.0,4.570000e-08,1.000000,0.000000e+00
5000.0,4.155000e-08,1.000000,0.000000e+00
5002.0,3.726000e-08,1.000000,0.000000e+00
5004.0,3.279000e-08,1.000000,0.000000e+00
5006.0,2.817000e-08,1.000000,0.000000e+00
5008.0,2.355000e-08,1.000000,0.000000e+00
5010.0,1.910000e-08,1.000000,0.000000e+00
5012.0,1.501000e-08,1.000000,0.000000e+00
5014.0,1.141000e-08,1.000000,0.000000e+00
5016.0,8.412000e-09,1.000000,0.000000e+00
5018.0,6.023000e-09,1.000000,0.000000e+00
5020.0,4.215000e-09,1.000000,0.000000e+00
5022.0,2.923000e-09,1.000000,0.000000e+00
5024.0,2.033000e-09,1.000000,0.000000e+00
5026.0,1.455000e-09,1.000000,0.000000e+00
5028.0,1.093000e-09,1.000000,0.000000e+00
5030.0,8.740000e-10,1.000000,0.000000e+00
5032.0,7.431000e-10,1.000000,0.000000e+00
5034.0,6.659000e-10,1.000000,0.000000e+00
5036.0,6.264000e-10,1.000000,0.000000e+00
5038.0,6.148000e-10,1.000000,0.000000e+00
5040.0,6.290000e-10,1.000000,0.000000e+00
5042.0,6.704000e-10,1.000000,0.000000e+00
5044.0,7.425000e-10,1.000000,0.000000e+00
5046.0,8.507000e-10,1.000000,0.000000e+00
5048.0,1.003000e-09,1.000000,0.000000e+00
5050.0,1.207000e-09,1.000000,0.000000e+00
5052.0,1.473000e-09,1.000000,0.000000e+00
5054.0,1.814000e-09,1.000000,0.000000e+00
5056.0,2.240000e-09,1.000000,0.000000e+00
5058.0,2.764000e-09,1.000000,0.000000e+00
5060.0,3.393000e-09,1.000000,0.000000e+00
5062.0,4.135000e-09,1.000000,0.000000e+00
5064.0,4.986000e-09,1.000000,0.000000e+00
5066.0,5.942000e-09,1.000000,0.000000e+00
5068.0,6.983000e-09,1.000000,0.000000e+00
5070.0,8.082000e-09,1.000000,0.000000e+00
5072.0,9.200000e-09,1.000000,0.000000e+00
5074.0,1.030000e-08,1.000000,0.000000e+00
5076.0,1.135000e-08,1.000000,0.000000e+00
5078.0,1.236000e-08,1.000000,0.000000e+00
5080.0,1.334000e-08,1.000000,0.000000e+00
5082.0,1.434000e-08,1.000000,0.000000e+00
5084.0,1.536000e-08,1.000000,0.000000e+00
5086.0,1.642000e-08,1.000000,0.000000e+00
5088.0,1.749000e-08,1.000000,0.000000e+00
5090.0,1.854000e-08,1.000000,0.000000e+00
5092.0,1.954000e-08,1.000000,0.000000e+00
5094.0,2.042000e-08,1.000000,0.000000e+00
5096.0,2.114000e-08,1.000000,0.000000e+00
5098.0,2.167000e-08,1.000000,0.000000e+00
5100.0,2.198000e-08,1.000000,0.000000e+00
5102.0,2.205000e-08,1.000000,0.000000e+00
5104.0,2.189000e-08,1.000000,0.000000e+00
5106.0,2.153000e-08,1.000000,0.000000e+00
5108.0,2.099000e-08,1.000000,0.000000e+00
5110.0,2.030000e-08,1.000000,0.000000e+00
5112.0,1.949000e-08,1.000000,0.000000e+00
5114.0,1.859000e-08,1.000000,0.000000e+00
5116.0,1.763000e-08,1.000000,0.000000e+00
5118.0,1.662000e-08,1.000000,0.000000e+00
5120.0,1.556000e-08,1.000000,0.000000e+00
5122.0,1.445000e-08,1.000000,0.000000e+00
5124.0,1.325000e-08,1.000000,0.000000e+00
5126.0,1.197000e-08,1.000000,0.000000e+00
5128.0,1.060000e-08,1.000000,0.000000e+00
5130.0,9.205000e-09,1.000000,0.000000e+00
5132.0,7.832000e-09,1.000000,0.000000e+00
5134.0,6.544000e-09,1.000000,0.000000e+00
5136.0,5.383000e-09,1.000000,0.000000e+00
5138.0,4.378000e-09,1.000000,0.000000e+00
5140.0,3.539000e-09,1.000000,0.000000e+00
5142.0,2.863000e-09,1.000000,0.000000e+00
5144.0,2.326000e-09,1.000000,0.000000e+00
5146.0,1.907000e-09,1.000000,0.000000e+00
5148.0,1.578000e-09,1.000000,0.000000e+00
5150.0,1.311000e-09,1.000000,0.000000e+00
5152.0,1.088000e-09,1.000000,0.000000e+00
5154.0,8.975000e-10,1.000000,0.000000e+00
5156.0,7.318000e-10,1.000000,0.000000e+00
5158.0,5.895000e-10,1.000000,0.000000e+00
5160.0,4.686000e-10,1.000000,0.000000e+00
5162.0,3.686000e-10,1.000000,0.000000e+00
5164.0,2.875000e-10,1.000000,0.000000e+00
5166.0,2.242000e-10,1.000000,0.000000e+00
5168.0,1.750000e-10,1.000000,0.000000e+00
5170.0,1.380000e-10,1.000000,0.000000e+00
5172.0,1.104000e-10,1.000000,0.000000e+00
5174.0,8.948000e-11,1.000000,0.000000e+00
5176.0,7.378000e-11,1.000000,0.000000e+00
5178.0,6.180000e-11,1.000000,0.000000e+00
5180.0,5.251000e-11,1.000000,0.000000e+00
5182.0,4.520000e-11,1.000000,0.000000e+00
5184.0,3.940000e-11,1.000000,0.000000e+00
5186.0,3.475000e-11,1.000000,0.000000e+00
5188.0,3.099000e-11,1.000000,0.000000e+00
5190.0,2.792000e-11,1.000000,0.000000e+00
5192.0,2.537000e-11,1.000000,0.000000e+00
5194.0,2.323000e-11,1.000000,0.000000e+00
5196.0,2.141000e-11,1.000000,0.000000e+00
5198.0,1.985000e-11,1.000000,0.000000e+00
5200.0,1.850000e-11,1.000000,0.000000e+00
5202.0,1.734000e-11,1.000000,0.000000e+00
5204.0,1.633000e-11,1.000000,0.000000e+00
5206.0,1.545000e-11,1.000000,0.000000e+00
5208.0,1.468000e-11,1.000000,0.000000e+00
5210.0,1.399000e-11,1.000000,0.000000e+00
5212.0,1.338000e-11,1.000000,0.000000e+00
5214.0,1.281000e-11,1.000000,0.000000e+00
5216.0,1.228000e-11,1.000000,0.000000e+00
5218.0,1.179000e-11,1.000000,0.000000e+00
5220.0,1.133000e-11,1.000000,0.000000e+00
5222.0,1.091000e-11,1.000000,0.000000e+00
5224.0,1.055000e-11,1.000000,0.000000e+00
5226.0,1.019000e-11,1.000000,0.000000e+00
5228.0,9.838000e-12,1.000000,0.000000e+00
5230.0,9.494000e-12,1.000000,0.000000e+00
5232.0,9.161000e-12,1.000000,0.000000e+00
5234.0,8.845000e-12,1.000000,0.000000e+00
5236.0,8.544000e-12,1.000000,0.000000e+00
5238.0,8.258000e-12,1.000000,0.000000e+00
5240.0,7.982000e-12,1.000000,0.000000e+00
5242.0,7.708000e-12,1.000000,0.000000e+00
5244.0,7.428000e-12,1.000000,0.000000e+00
5246.0,7.141000e-12,1.000000,0.000000e+00
5248.0,6.853000e-12,1.000000,0.000000e+00
5250.0,6.574000e-12,1.000000,0.000000e+00
5252.0,6.319000e-12,1.000000,0.000000e+00
5254.0,6.101000e-12,1.000000,0.000000e+00
5256.0,5.933000e-12,1.000000,0.000000e+00
5258.0,5.825000e-12,1.000000,0.000000e+00
5260.0,5.790000e-12,1.000000,0.000000e+00
5262.0,5.845000e-12,1.000000,0.000000e+00
5264.0,6.018000e-12,1.000000,0.000000e+00
5266.0,6.355000e-12,1.000000,0.000000e+00
5268.0,6.862000e-12,1.000000,0.000000e+00
5270.0,7.521000e-12,1.000000,0.000000e+00
5272.0,8.372000e-12,1.000000,0.000000e+00
5274.0,9.455000e-12,1.000000,0.000000e+00
5276.0,1.076000e-11,1.000000,0.000000e+00
5278.0,1.231000e-11,1.000000,0.000000e+00
5280.0,1.415000e-11,1.000000,0.000000e+00
5282.0,1.635000e-11,1.000000,0.000000e+00
5284.0,1.900000e-11,1.000000,0.000000e+00
5286.0,2.233000e-11,1.000000,0.000000e+00
5288.0,2.688000e-11,1.000000,0.000000e+00
5290.0,3.335000e-11,1.000000,0.000000e+00
5292.0,4.316000e-11,1.000000,0.000000e+00
5294.0,5.277000e-11,1.000000,0.000000e+00
5296.0,6.203000e-11,1.000000,0.000000e+00
5298.0,7.088000e-11,1.000000,0.000000e+00
5300.0,7.925000e-11,1.000000,0.000000e+00
5302.0,8.706000e-11,1.000000,0.000000e+00
5304.0,9.420000e-11,1.000000,0.000000e+00
5306.0,1.005000e-10,1.000000,0.000000e+00
5308.0,1.059000e-10,1.000000,0.000000e+00
5310.0,1.101000e-10,1.000000,0.000000e+00
5312.0,1.130000e-10,1.000000,0.000000e+00
5314.0,1.145000e-10,1.000000,0.000000e+00
5316.0,1.146000e-10,1.000000,0.000000e+00
5318.0,1.132000e-10,1.000000,0.000000e+00
5320.0,1.104000e-10,1.000000,0.000000e+00
5322.0,1.063000e-10,1.000000,0.000000e+00
5324.0,1.008000e-10,1.000000,0.000000e+00
5326.0,9.418000e-11,1.000000,0.000000e+00
5328.0,8.642000e-11,1.000000,0.000000e+00
5330.0,7.766000e-11,1.000000,0.000000e+00
5332.0,6.805000e-11,1.000000,0.000000e+00
5334.0,5.779000e-11,1.000000,0.000000e+00
5336.0,4.724000e-11,1.000000,0.000000e+00
5338.0,3.706000e-11,1.000000,0.000000e+00
5340.0,2.875000e-11,1.000000,0.000000e+00
5342.0,2.362000e-11,1.000000,0.000000e+00
5344.0,1.918000e-11,1.000000,0.000000e+00
5346.0,1.520000e-11,1.000000,0.000000e+00
5348.0,1.168000e-11,1.000000,0.000000e+00
5350.0,8.671000e-12,1.000000,0.000000e+00
5352.0,6.195000e-12,1.000000,0.000000e+00
5354.0,4.263000e-12,1.000000,0.000000e+00
5356.0,2.844000e-12,1.000000,0.000000e+00
5358.0,1.873000e-12,1.000000,0.000000e+00
5360.0,1.259000e-12,1.000000,0.000000e+00
5362.0,8.916000e-13,1.000000,0.000000e+00
5364.0,6.808000e-13,1.000000,0.000000e+00
5366.0,5.494000e-13,1.000000,0.000000e+00
5368.0,4.535000e-13,1.000000,0.000000e+00
5370.0,3.758000e-13,1.000000,0.000000e+00
5372.0,3.113000e-13,1.000000,0.000000e+00
5374.0,2.571000e-13,1.000000,0.000000e+00
5376.0,2.110000e-13,1.000000,0.000000e+00
5378.0,1.714000e-13,1.000000,0.000000e+00
5380.0,1.372000e-13,1.000000,0.000000e+00
5382.0,1.074000e-13,1.000000,0.000000e+00
5384.0,8.140000e-14,1.000000,0.000000e+00
5386.0,5.888000e-14,1.000000,0.000000e+00
5388.0,3.992000e-14,1.000000,0.000000e+00
5390.0,2.574000e-14,1.000000,0.000000e+00
5392.0,2.098000e-14,1.000000,0.000000e+00
5394.0,1.985000e-14,1.000000,0.000000e+00
5396.0,1.894000e-14,1.000000,0.000000e+00
5398.0,1.804000e-14,1.000000,0.000000e+00
5400.0,1.721000e-14,1.000000,0.000000e+00
5402.0,1.645000e-14,1.000000,0.000000e+00
5404.0,1.570000e-14,1.000000,0.000000e+00
5406.0,1.509000e-14,1.000000,0.000000e+00
5408.0,1.449000e-14,1.000000,0.000000e+00
5410.0,1.389000e-14,1.000000,0.000000e+00
5412.0,1.336000e-14,1.000000,0.000000e+00
5414.0,1.291000e-14,1.000000,0.000000e+00
5416.0,1.238000e-14,1.000000,0.000000e+00
5418.0,1.200000e-14,1.000000,0.000000e+00
5420.0,1.155000e-14,1.000000,0.000000e+00
5422.0,1.117000e-14,1.000000,0.000000e+00
5424.0,1.079000e-14,1.000000,0.000000e+00
5426.0,1.042000e-14,1.000000,0.000000e+00
5428.0,1.004000e-14,1.000000,0.000000e+00
5430.0,9.736000e-15,1.000000,0.000000e+00
5432.0,9.434000e-15,1.000000,0.000000e+00
5434.0,9.132000e-15,1.000000,0.000000e+00
5436.0,8.830000e-15,1.000000,0.000000e+00
5438.0,8.604000e-15,1.000000,0.000000e+00
5440.0,8.302000e-15,1.000000,0.000000e+00
5442.0,8.075000e-15,1.000000,0.000000e+00
5444.0,7.849000e-15,1.000000,0.000000e+00
5446.0,7.623000e-15,1.000000,0.000000e+00
5448.0,7.381000e-15,1.000000,0.000000e+00
5450.0,7.170000e-15,1.000000,0.000000e+00
5452.0,6.974000e-15,1.000000,0.000000e+00
5454.0,6.777000e-15,1.000000,0.000000e+00
5456.0,6.589000e-15,1.000000,0.000000e+00
5458.0,6.408000e-15,1.000000,0.000000e+00
5460.0,6.234000e-15,1.000000,0.000000e+00
5462.0,6.068000e-15,1.000000,0.000000e+00
5464.0,5.909000e-15,1.000000,0.000000e+00
5466.0,5.751000e-15,1.000000,0.000000e+00
5468.0,5.600000e-15,1.000000,0.000000e+00
5470.0,5.457000e-15,1.000000,0.000000e+00
5472.0,5.321000e-15,1.000000,0.000000e+00
5474.0,5.185000e-15,1.000000,0.000000e+00
5476.0,5.057000e-15,1.000000,0.000000e+00
5478.0,4.928000e-15,1.000000,0.000000e+00
5480.0,4.808000e-15,1.000000,0.000000e+00
5482.0,4.694000e-15,1.000000,0.000000e+00
5484.0,4.581000e-15,1.000000,0.000000e+00
5486.0,4.475000e-15,1.000000,0.000000e+00
5488.0,4.370000e-15,1.000000,0.000000e+00
5490.0,4.272000e-15,1.000000,0.000000e+00
5492.0,4.174000e-15,1.000000,0.000000e+00
5494.0,4.083000e-15,1.000000,0.000000e+00
5496.0,3.992000e-15,1.000000,0.000000e+00
5498.0,3.909000e-15,1.000000,0.000000e+00
5500.0,3.834000e-15,1.000000,0.000000e+00
5502.0,3.758000e-15,1.000000,0.000000e+00
5504.0,3.691000e-15,1.000000,0.000000e+00
5506.0,3.623000e-15,1.000000,0.000000e+00
5508.0,3.562000e-15,1.000000,0.000000e+00
5510.0,3.509000e-15,1.000000,0.000000e+00
5512.0,3.464000e-15,1.000000,0.000000e+00
5514.0,3.426000e-15,1.000000,0.000000e+00
5516.0,3.396000e-15,1.000000,0.000000e+00
5518.0,3.374000e-15,1.000000,0.000000e+00
5520.0,3.351000e-15,1.000000,0.000000e+00
5522.0,3.343000e-15,1.000000,0.000000e+00
5524.0,3.336000e-15,1.000000,0.000000e+00
5526.0,3.343000e-15,1.000000,0.000000e+00
5528.0,3.358000e-15,1.000000,0.000000e+00
5530.0,3.374000e-15,1.000000,0.000000e+00
5532.0,3.396000e-15,1.000000,0.000000e+00
5534.0,3.434000e-15,1.000000,0.000000e+00
5536.0,3.472000e-15,1.000000,0.000000e+00
5538.0,3.517000e-15,1.000000,0.000000e+00
5540.0,3.562000e-15,1.000000,0.000000e+00
5542.0,3.608000e-15,1.000000,0.000000e+00
5544.0,3.653000e-15,1.000000,0.000000e+00
5546.0,3.706000e-15,1.000000,0.000000e+00
5548.0,3.751000e-15,1.000000,0.000000e+00
5550.0,3.437000e-14,1.000000,0.000000e+00
5552.0,7.989000e-14,1.000000,0.000000e+00
5554.0,1.282000e-13,1.000000,0.000000e+00
5556.0,1.776000e-13,1.000000,0.000000e+00
5558.0,2.263000e-13,1.000000,0.000000e+00
5560.0,2.729000e-13,1.000000,0.000000e+00
5562.0,3.172000e-13,1.000000,0.000000e+00
5564.0,3.605000e-13,1.000000,0.000000e+00
5566.0,4.054000e-13,1.000000,0.000000e+00
5568.0,4.547000e-13,1.000000,0.000000e+00
5570.0,5.102000e-13,1.000000,0.000000e+00
5572.0,5.724000e-13,1.000000,0.000000e+00
5574.0,6.399000e-13,1.000000,0.000000e+00
5576.0,7.079000e-13,1.000000,0.000000e+00
5578.0,7.639000e-13,1.000000,0.000000e+00
5580.0,8.028000e-13,1.000000,0.000000e+00
5582.0,8.255000e-13,1.000000,0.000000e+00
5584.0,8.329000e-13,1.000000,0.000000e+00
5586.0,8.264000e-13,1.000000,0.000000e+00
5588.0,8.071000e-13,1.000000,0.000000e+00
5590.0,7.764000e-13,1.000000,0.000000e+00
5592.0,7.358000e-13,1.000000,0.000000e+00
5594.0,6.868000e-13,1.000000,0.000000e+00
5596.0,6.310000e-13,1.000000,0.000000e+00
5598.0,5.700000e-13,1.000000,0.000000e+00
5600.0,5.051000e-13,1.000000,0.000000e+00
5602.0,4.376000e-13,1.000000,0.000000e+00
5604.0,3.681000e-13,1.000000,0.000000e+00
5606.0,2.968000e-13,1.000000,0.000000e+00
5608.0,2.234000e-13,1.000000,0.000000e+00
5610.0,1.473000e-13,1.000000,0.000000e+00
5612.0,6.888000e-14,1.000000,0.000000e+00
5614.0,3.200000e-15,1.000000,0.000000e+00
5616.0,3.147000e-15,1.000000,0.000000e+00
5618.0,3.087000e-15,1.000000,0.000000e+00
5620.0,3.011000e-15,1.000000,0.000000e+00
5622.0,2.898000e-15,1.000000,0.000000e+00
5624.0,2.755000e-15,1.000000,0.000000e+00
5626.0,2.611000e-15,1.000000,0.000000e+00
5628.0,2.483000e-15,1.000000,0.000000e+00
5630.0,2.392000e-15,1.000000,0.000000e+00
5632.0,2.340000e-15,1.000000,0.000000e+00
5634.0,2.317000e-15,1.000000,0.000000e+00
5636.0,2.317000e-15,1.000000,0.000000e+00
5638.0,2.332000e-15,1.000000,0.000000e+00
5640.0,2.347000e-15,1.000000,0.000000e+00
5642.0,2.385000e-15,1.000000,0.000000e+00
5644.0,2.430000e-15,1.000000,0.000000e+00
5646.0,2.491000e-15,1.000000,0.000000e+00
5648.0,2.558000e-15,1.000000,0.000000e+00
5650.0,2.619000e-15,1.000000,0.000000e+00
5652.0,3.956000e-14,1.000000,0.000000e+00
5654.0,8.813000e-14,1.000000,0.000000e+00
5656.0,1.397000e-13,1.000000,0.000000e+00
5658.0,1.926000e-13,1.000000,0.000000e+00
5660.0,2.457000e-13,1.000000,0.000000e+00
5662.0,2.970000e-13,1.000000,0.000000e+00
5664.0,3.453000e-13,1.000000,0.000000e+00
5666.0,3.918000e-13,1.000000,0.000000e+00
5668.0,4.390000e-13,1.000000,0.000000e+00
5670.0,4.899000e-13,1.000000,0.000000e+00
5672.0,5.472000e-13,1.000000,0.000000e+00
5674.0,6.123000e-13,1.000000,0.000000e+00
5676.0,6.845000e-13,1.000000,0.000000e+00
5678.0,7.615000e-13,1.000000,0.000000e+00
5680.0,8.299000e-13,1.000000,0.000000e+00
5682.0,8.795000e-13,1.000000,0.000000e+00
5684.0,9.111000e-13,1.000000,0.000000e+00
5686.0,9.260000e-13,1.000000,0.000000e+00
5688.0,9.252000e-13,1.000000,0.000000e+00
5690.0,9.099000e-13,1.000000,0.000000e+00
5692.0,8.817000e-13,1.000000,0.000000e+00
5694.0,8.421000e-13,1.000000,0.000000e+00
5696.0,7.925000e-13,1.000000,0.000000e+00
5698.0,7.350000e-13,1.000000,0.000000e+00
5700.0,6.711000e-13,1.000000,0.000000e+00
5702.0,6.022000e-13,1.000000,0.000000e+00
5704.0,5.297000e-13,1.000000,0.000000e+00
5706.0,4.544000e-13,1.000000,0.000000e+00
5708.0,3.767000e-13,1.000000,0.000000e+00
5710.0,2.965000e-13,1.000000,0.000000e+00
5712.0,2.132000e-13,1.000000,0.000000e+00
5714.0,1.265000e-13,1.000000,0.000000e+00
5716.0,3.808000e-14,1.000000,0.000000e+00
5718.0,2.408000e-15,1.000000,0.000000e+00
5720.0,2.302000e-15,1.000000,0.000000e+00
5722.0,2.158000e-15,1.000000,0.000000e+00
5724.0,1.985000e-15,1.000000,0.000000e+00
5726.0,1.796000e-15,1.000000,0.000000e+00
5728.0,1.615000e-15,1.000000,0.000000e+00
5730.0,1.449000e-15,1.000000,0.000000e+00
5732.0,1.313000e-15,1.000000,0.000000e+00
5734.0,1.177000e-15,1.000000,0.000000e+00
5736.0,1.057000e-15,1.000000,0.000000e+00
5738.0,9.509000e-16,1.000000,0.000000e+00
5740.0,8.604000e-16,1.000000,0.000000e+00
5742.0,7.849000e-16,1.000000,0.000000e+00
5744.0,7.336000e-16,1.000000,0.000000e+00
5746.0,6.928000e-16,1.000000,0.000000e+00
5748.0,6.589000e-16,1.000000,0.000000e+00
5750.0,6.257000e-16,1.000000,0.000000e+00
5752.0,5.947000e-16,1.000000,0.000000e+00
5754.0,5.698000e-16,1.000000,0.000000e+00
5756.0,5.494000e-16,1.000000,0.000000e+00
5758.0,5.321000e-16,1.000000,0.000000e+00
5760.0,5.155000e-16,1.000000,0.000000e+00
5762.0,5.004000e-16,1.000000,0.000000e+00
5764.0,4.875000e-16,1.000000,0.000000e+00
5766.0,4.770000e-16,1.000000,0.000000e+00
5768.0,4.679000e-16,1.000000,0.000000e+00
5770.0,4.604000e-16,1.000000,0.000000e+00
5772.0,4.528000e-16,1.000000,0.000000e+00
5774.0,4.475000e-16,1.000000,0.000000e+00
5776.0,4.430000e-16,1.000000,0.000000e+00
5778.0,4.408000e-16,1.000000,0.000000e+00
5780.0,4.385000e-16,1.000000,0.000000e+00
5782.0,4.377000e-16,1.000000,0.000000e+00
5784.0,4.385000e-16,1.000000,0.000000e+00
5786.0,4.400000e-16,1.000000,0.000000e+00
5788.0,4.438000e-16,1.000000,0.000000e+00
5790.0,4.498000e-16,1.000000,0.000000e+00
5792.0,4.574000e-16,1.000000,0.000000e+00
5794.0,4.664000e-16,1.000000,0.000000e+00
5796.0,4.777000e-16,1.000000,0.000000e+00
5798.0,4.936000e-16,1.000000,0.000000e+00
5800.0,5.155000e-16,1.000000,0.000000e+00
5802.0,5.442000e-16,1.000000,0.000000e+00
5804.0,5.781000e-16,1.000000,0.000000e+00
5806.0,6.166000e-16,1.000000,0.000000e+00
5808.0,6.581000e-16,1.000000,0.000000e+00
5810.0,7.011000e-16,1.000000,0.000000e+00
5812.0,7.479000e-16,1.000000,0.000000e+00
5814.0,8.000000e-16,1.000000,0.000000e+00
5816.0,8.528000e-16,1.000000,0.000000e+00
5818.0,9.057000e-16,1.000000,0.000000e+00
5820.0,9.509000e-16,1.000000,0.000000e+00
5822.0,9.887000e-16,1.000000,0.000000e+00
5824.0,1.019000e-15,1.000000,0.000000e+00
5826.0,1.049000e-15,1.000000,0.000000e+00
5828.0,1.079000e-15,1.000000,0.000000e+00
5830.0,1.117000e-15,1.000000,0.000000e+00
5832.0,1.170000e-15,1.000000,0.000000e+00
5834.0,1.230000e-15,1.000000,0.000000e+00
5836.0,1.291000e-15,1.000000,0.000000e+00
5838.0,1.351000e-15,1.000000,0.000000e+00
5840.0,1.404000e-15,1.000000,0.000000e+00
5842.0,1.457000e-15,1.000000,0.000000e+00
5844.0,1.509000e-15,1.000000,0.000000e+00
5846.0,1.555000e-15,1.000000,0.000000e+00
5848.0,1.592000e-15,1.000000,0.000000e+00
5850.0,1.623000e-15,1.000000,0.000000e+00
5852.0,1.645000e-15,1.000000,0.000000e+00
5854.0,1.660000e-15,1.000000,0.000000e+00
5856.0,1.660000e-15,1.000000,0.000000e+00
5858.0,1.660000e-15,1.000000,0.000000e+00
5860.0,1.660000e-15,1.000000,0.000000e+00
5862.0,1.660000e-15,1.000000,0.000000e+00
5864.0,1.653000e-15,1.000000,0.000000e+00
5866.0,1.638000e-15,1.000000,0.000000e+00
5868.0,1.623000e-15,1.000000,0.000000e+00
5870.0,1.608000e-15,1.000000,0.000000e+00
5872.0,1.585000e-15,1.000000,0.000000e+00
5874.0,1.555000e-15,1.000000,0.000000e+00
5876.0,1.532000e-15,1.000000,0.000000e+00
5878.0,1.502000e-15,1.000000,0.000000e+00
5880.0,1.487000e-15,1.000000,0.000000e+00
5882.0,1.487000e-15,1.000000,0.000000e+00
5884.0,1.502000e-15,1.000000,0.000000e+00
5886.0,1.509000e-15,1.000000,0.000000e+00
5888.0,1.525000e-15,1.000000,0.000000e+00
5890.0,1.540000e-15,1.000000,0.000000e+00
5892.0,1.547000e-15,1.000000,0.000000e+00
5894.0,1.547000e-15,1.000000,0.000000e+00
5896.0,1.555000e-15,1.000000,0.000000e+00
5898.0,1.570000e-15,1.000000,0.000000e+00
5900.0,1.592000e-15,1.000000,0.000000e+00
5902.0,1.638000e-15,1.000000,0.000000e+00
5904.0,1.691000e-15,1.000000,0.000000e+00
5906.0,1.751000e-15,1.000000,0.000000e+00
5908.0,1.826000e-15,1.000000,0.000000e+00
5910.0,1.917000e-15,1.000000,0.000000e+00
5912.0,2.015000e-15,1.000000,0.000000e+00
5914.0,2.136000e-15,1.000000,0.000000e+00
5916.0,2.264000e-15,1.000000,0.000000e+00
5918.0,2.408000e-15,1.000000,0.000000e+00
5920.0,2.543000e-15,1.000000,0.000000e+00
5922.0,2.687000e-15,1.000000,0.000000e+00
5924.0,2.830000e-15,1.000000,0.000000e+00
5926.0,2.981000e-15,1.000000,0.000000e+00
5928.0,3.140000e-15,1.000000,0.000000e+00
5930.0,3.321000e-15,1.000000,0.000000e+00
5932.0,3.517000e-15,1.000000,0.000000e+00
5934.0,1.344000e-14,1.000000,0.000000e+00
5936.0,5.071000e-14,1.000000,0.000000e+00
5938.0,9.298000e-14,1.000000,0.000000e+00
5940.0,1.386000e-13,1.000000,0.000000e+00
5942.0,1.864000e-13,1.000000,0.000000e+00
5944.0,2.353000e-13,1.000000,0.000000e+00
5946.0,2.838000e-13,1.000000,0.000000e+00
5948.0,3.317000e-13,1.000000,0.000000e+00
5950.0,3.798000e-13,1.000000,0.000000e+00
5952.0,4.276000e-13,1.000000,0.000000e+00
5954.0,4.770000e-13,1.000000,0.000000e+00
5956.0,5.299000e-13,1.000000,0.000000e+00
5958.0,5.879000e-13,1.000000,0.000000e+00
5960.0,6.531000e-13,1.000000,0.000000e+00
5962.0,7.277000e-13,1.000000,0.000000e+00
5964.0,8.135000e-13,1.000000,0.000000e+00
5966.0,9.128000e-13,1.000000,0.000000e+00
5968.0,1.028000e-12,1.000000,0.000000e+00
5970.0,1.163000e-12,1.000000,0.000000e+00
5972.0,1.320000e-12,1.000000,0.000000e+00
5974.0,1.506000e-12,1.000000,0.000000e+00
5976.0,1.723000e-12,1.000000,0.000000e+00
5978.0,1.983000e-12,1.000000,0.000000e+00
5980.0,2.292000e-12,1.000000,0.000000e+00
5982.0,2.657000e-12,1.000000,0.000000e+00
5984.0,3.080000e-12,1.000000,0.000000e+00
5986.0,3.560000e-12,1.000000,0.000000e+00
5988.0,4.093000e-12,1.000000,0.000000e+00
5990.0,4.664000e-12,1.000000,0.000000e+00
5992.0,5.252000e-12,1.000000,0.000000e+00
5994.0,5.837000e-12,1.000000,0.000000e+00
5996.0,6.395000e-12,1.000000,0.000000e+00
5998.0,6.924000e-12,1.000000,0.000000e+00
6000.0,7.424000e-12,1.000000,0.000000e+00
6002.0,7.909000e-12,1.000000,0.000000e+00
6004.0,8.394000e-12,1.000000,0.000000e+00
6006.0,8.890000e-12,1.000000,0.000000e+00
6008.0,9.398000e-12,1.000000,0.000000e+00
6010.0,9.911000e-12,1.000000,0.000000e+00
6012.0,1.042000e-11,1.000000,0.000000e+00
6014.0,1.092000e-11,1.000000,0.000000e+00
6016.0,1.140000e-11,1.000000,0.000000e+00
6018.0,1.184000e-11,1.000000,0.000000e+00
6020.0,1.226000e-11,1.000000,0.000000e+00
6022.0,1.268000e-11,1.000000,0.000000e+00
6024.0,1.311000e-11,1.000000,0.000000e+00
6026.0,1.360000e-11,1.000000,0.000000e+00
6028.0,1.420000e-11,1.000000,0.000000e+00
6030.0,1.499000e-11,1.000000,0.000000e+00
6032.0,1.603000e-11,1.000000,0.000000e+00
6034.0,1.740000e-11,1.000000,0.000000e+00
6036.0,1.916000e-11,1.000000,0.000000e+00
6038.0,2.136000e-11,1.000000,0.000000e+00
6040.0,2.401000e-11,1.000000,0.000000e+00
6042.0,2.709000e-11,1.000000,0.000000e+00
6044.0,3.051000e-11,1.000000,0.000000e+00
6046.0,3.419000e-11,1.000000,0.000000e+00
6048.0,3.796000e-11,1.000000,0.000000e+00
6050.0,4.166000e-11,1.000000,0.000000e+00
6052.0,4.519000e-11,1.000000,0.000000e+00
6054.0,4.858000e-11,1.000000,0.000000e+00
6056.0,5.189000e-11,1.000000,0.000000e+00
6058.0,5.528000e-11,1.000000,0.000000e+00
6060.0,5.883000e-11,1.000000,0.000000e+00
6062.0,6.257000e-11,1.000000,0.000000e+00
6064.0,6.644000e-11,1.000000,0.000000e+00
6066.0,7.032000e-11,1.000000,0.000000e+00
6068.0,7.407000e-11,1.000000,0.000000e+00
6070.0,7.751000e-11,1.000000,0.000000e+00
6072.0,8.044000e-11,1.000000,0.000000e+00
6074.0,8.273000e-11,1.000000,0.000000e+00
6076.0,8.424000e-11,1.000000,0.000000e+00
6078.0,8.491000e-11,1.000000,0.000000e+00
6080.0,8.472000e-11,1.000000,0.000000e+00
6082.0,8.371000e-11,1.000000,0.000000e+00
6084.0,8.193000e-11,1.000000,0.000000e+00
6086.0,7.954000e-11,1.000000,0.000000e+00
6088.0,7.660000e-11,1.000000,0.000000e+00
6090.0,7.327000e-11,1.000000,0.000000e+00
6092.0,6.964000e-11,1.000000,0.000000e+00
6094.0,6.579000e-11,1.000000,0.000000e+00
6096.0,6.175000e-11,1.000000,0.000000e+00
6098.0,5.748000e-11,1.000000,0.000000e+00
6100.0,5.295000e-11,1.000000,0.000000e+00
6102.0,4.807000e-11,1.000000,0.000000e+00
6104.0,4.289000e-11,1.000000,0.000000e+00
6106.0,3.757000e-11,1.000000,0.000000e+00
6108.0,3.230000e-11,1.000000,0.000000e+00
6110.0,2.731000e-11,1.000000,0.000000e+00
6112.0,2.278000e-11,1.000000,0.000000e+00
6114.0,1.881000e-11,1.000000,0.000000e+00
6116.0,1.546000e-11,1.000000,0.000000e+00
6118.0,1.273000e-11,1.000000,0.000000e+00
6120.0,1.058000e-11,1.000000,0.000000e+00
6122.0,8.955000e-12,1.000000,0.000000e+00
6124.0,7.746000e-12,1.000000,0.000000e+00
6126.0,6.902000e-12,1.000000,0.000000e+00
6128.0,6.331000e-12,1.000000,0.000000e+00
6130.0,5.989000e-12,1.000000,0.000000e+00
6132.0,5.820000e-12,1.000000,0.000000e+00
6134.0,5.808000e-12,1.000000,0.000000e+00
6136.0,5.927000e-12,1.000000,0.000000e+00
6138.0,6.175000e-12,1.000000,0.000000e+00
6140.0,6.552000e-12,1.000000,0.000000e+00
6142.0,7.059000e-12,1.000000,0.000000e+00
6144.0,7.708000e-12,1.000000,0.000000e+00
6146.0,8.512000e-12,1.000000,0.000000e+00
6148.0,9.506000e-12,1.000000,0.000000e+00
6150.0,1.072000e-11,1.000000,0.000000e+00
6152.0,1.220000e-11,1.000000,0.000000e+00
6154.0,1.402000e-11,1.000000,0.000000e+00
6156.0,1.623000e-11,1.000000,0.000000e+00
6158.0,1.889000e-11,1.000000,0.000000e+00
6160.0,2.204000e-11,1.000000,0.000000e+00
6162.0,2.573000e-11,1.000000,0.000000e+00
6164.0,2.996000e-11,1.000000,0.000000e+00
6166.0,3.477000e-11,1.000000,0.000000e+00
6168.0,4.016000e-11,1.000000,0.000000e+00
6170.0,4.617000e-11,1.000000,0.000000e+00
6172.0,5.289000e-11,1.000000,0.000000e+00
6174.0,6.051000e-11,1.000000,0.000000e+00
6176.0,6.933000e-11,1.000000,0.000000e+00
6178.0,7.972000e-11,1.000000,0.000000e+00
6180.0,9.209000e-11,1.000000,0.000000e+00
6182.0,1.068000e-10,1.000000,0.000000e+00
6184.0,1.243000e-10,1.000000,0.000000e+00
6186.0,1.447000e-10,1.000000,0.000000e+00
6188.0,1.684000e-10,1.000000,0.000000e+00
6190.0,1.953000e-10,1.000000,0.000000e+00
6192.0,2.254000e-10,1.000000,0.000000e+00
6194.0,2.582000e-10,1.000000,0.000000e+00
6196.0,2.933000e-10,1.000000,0.000000e+00
6198.0,3.297000e-10,1.000000,0.000000e+00
6200.0,3.662000e-10,1.000000,0.000000e+00
6202.0,4.014000e-10,1.000000,0.000000e+00
6204.0,4.345000e-10,1.000000,0.000000e+00
6206.0,4.655000e-10,1.000000,0.000000e+00
6208.0,4.951000e-10,1.000000,0.000000e+00
6210.0,5.248000e-10,1.000000,0.000000e+00
6212.0,5.554000e-10,1.000000,0.000000e+00
6214.0,5.872000e-10,1.000000,0.000000e+00
6216.0,6.200000e-10,1.000000,0.000000e+00
6218.0,6.526000e-10,1.000000,0.000000e+00
6220.0,6.838000e-10,1.000000,0.000000e+00
6222.0,7.115000e-10,1.000000,0.000000e+00
6224.0,7.342000e-10,1.000000,0.000000e+00
6226.0,7.503000e-10,1.000000,0.000000e+00
6228.0,7.590000e-10,1.000000,0.000000e+00
6230.0,7.597000e-10,1.000000,0.000000e+00
6232.0,7.526000e-10,1.000000,0.000000e+00
6234.0,7.380000e-10,1.000000,0.000000e+00
6236.0,7.170000e-10,1.000000,0.000000e+00
6238.0,6.905000e-10,1.000000,0.000000e+00
6240.0,6.597000e-10,1.000000,0.000000e+00
6242.0,6.255000e-10,1.000000,0.000000e+00
6244.0,5.889000e-10,1.000000,0.000000e+00
6246.0,5.506000e-10,1.000000,0.000000e+00
6248.0,5.107000e-10,1.000000,0.000000e+00
6250.0,4.691000e-10,1.000000,0.000000e+00
6252.0,4.252000e-10,1.000000,0.000000e+00
6254.0,3.786000e-10,1.000000,0.000000e+00
6256.0,3.296000e-10,1.000000,0.000000e+00
6258.0,2.797000e-10,1.000000,0.000000e+00
6260.0,2.307000e-10,1.000000,0.000000e+00
6262.0,1.848000e-10,1.000000,0.000000e+00
6264.0,1.440000e-10,1.000000,0.000000e+00
6266.0,1.091000e-10,1.000000,0.000000e+00
6268.0,8.078000e-11,1.000000,0.000000e+00
6270.0,5.881000e-11,1.000000,0.000000e+00
6272.0,4.268000e-11,1.000000,0.000000e+00
6274.0,3.141000e-11,1.000000,0.000000e+00
6276.0,2.402000e-11,1.000000,0.000000e+00
6278.0,1.953000e-11,1.000000,0.000000e+00
6280.0,1.711000e-11,1.000000,0.000000e+00
6282.0,1.615000e-11,1.000000,0.000000e+00
6284.0,1.625000e-11,1.000000,0.000000e+00
6286.0,1.722000e-11,1.000000,0.000000e+00
6288.0,1.901000e-11,1.000000,0.000000e+00
6290.0,2.170000e-11,1.000000,0.000000e+00
6292.0,2.541000e-11,1.000000,0.000000e+00
6294.0,3.033000e-11,1.000000,0.000000e+00
6296.0,3.670000e-11,1.000000,0.000000e+00
6298.0,4.480000e-11,1.000000,0.000000e+00
6300.0,5.496000e-11,1.000000,0.000000e+00
6302.0,6.753000e-11,1.000000,0.000000e+00
6304.0,8.287000e-11,1.000000,0.000000e+00
6306.0,1.013000e-10,1.000000,0.000000e+00
6308.0,1.232000e-10,1.000000,0.000000e+00
6310.0,1.486000e-10,1.000000,0.000000e+00
6312.0,1.776000e-10,1.000000,0.000000e+00
6314.0,2.100000e-10,1.000000,0.000000e+00
6316.0,2.453000e-10,1.000000,0.000000e+00
6318.0,2.826000e-10,1.000000,0.000000e+00
6320.0,3.207000e-10,1.000000,0.000000e+00
6322.0,3.585000e-10,1.000000,0.000000e+00
6324.0,3.947000e-10,1.000000,0.000000e+00
6326.0,4.295000e-10,1.000000,0.000000e+00
6328.0,4.634000e-10,1.000000,0.000000e+00
6330.0,4.975000e-10,1.000000,0.000000e+00
6332.0,5.327000e-10,1.000000,0.000000e+00
6334.0,5.691000e-10,1.000000,0.000000e+00
6336.0,6.066000e-10,1.000000,0.000000e+00
6338.0,6.440000e-10,1.000000,0.000000e+00
6340.0,6.801000e-10,1.000000,0.000000e+00
6342.0,7.130000e-10,1.000000,0.000000e+00
6344.0,7.410000e-10,1.000000,0.000000e+00
6346.0,7.624000e-10,1.000000,0.000000e+00
6348.0,7.761000e-10,1.000000,0.000000e+00
6350.0,7.814000e-10,1.000000,0.000000e+00
6352.0,7.782000e-10,1.000000,0.000000e+00
6354.0,7.670000e-10,1.000000,0.000000e+00
6356.0,7.483000e-10,1.000000,0.000000e+00
6358.0,7.233000e-10,1.000000,0.000000e+00
6360.0,6.931000e-10,1.000000,0.000000e+00
6362.0,6.588000e-10,1.000000,0.000000e+00
6364.0,6.215000e-10,1.000000,0.000000e+00
6366.0,5.819000e-10,1.000000,0.000000e+00
6368.0,5.402000e-10,1.000000,0.000000e+00
6370.0,4.966000e-10,1.000000,0.000000e+00
6372.0,4.506000e-10,1.000000,0.000000e+00
6374.0,4.017000e-10,1.000000,0.000000e+00
6376.0,3.503000e-10,1.000000,0.000000e+00
6378.0,2.981000e-10,1.000000,0.000000e+00
6380.0,2.468000e-10,1.000000,0.000000e+00
6382.0,1.987000e-10,1.000000,0.000000e+00
6384.0,1.552000e-10,1.000000,0.000000e+00
6386.0,1.179000e-10,1.000000,0.000000e+00
6388.0,8.705000e-11,1.000000,0.000000e+00
6390.0,6.278000e-11,1.000000,0.000000e+00
6392.0,4.457000e-11,1.000000,0.000000e+00
6394.0,3.136000e-11,1.000000,0.000000e+00
6396.0,2.219000e-11,1.000000,0.000000e+00
6398.0,1.601000e-11,1.000000,0.000000e+00
6400.0,1.191000e-11,1.000000,0.000000e+00
6402.0,9.181000e-12,1.000000,0.000000e+00
6404.0,7.312000e-12,1.000000,0.000000e+00
6406.0,6.003000e-12,1.000000,0.000000e+00
6408.0,5.040000e-12,1.000000,0.000000e+00
6410.0,4.304000e-12,1.000000,0.000000e+00
6412.0,3.722000e-12,1.000000,0.000000e+00
6414.0,3.250000e-12,1.000000,0.000000e+00
6416.0,2.861000e-12,1.000000,0.000000e+00
6418.0,2.533000e-12,1.000000,0.000000e+00
6420.0,2.254000e-12,1.000000,0.000000e+00
6422.0,2.016000e-12,1.000000,0.000000e+00
6424.0,1.812000e-12,1.000000,0.000000e+00
6426.0,1.637000e-12,1.000000,0.000000e+00
6428.0,1.491000e-12,1.000000,0.000000e+00
6430.0,1.370000e-12,1.000000,0.000000e+00
6432.0,1.275000e-12,1.000000,0.000000e+00
6434.0,1.205000e-12,1.000000,0.000000e+00
6436.0,1.164000e-12,1.000000,0.000000e+00
6438.0,1.153000e-12,1.000000,0.000000e+00
6440.0,1.179000e-12,1.000000,0.000000e+00
6442.0,1.248000e-12,1.000000,0.000000e+00
6444.0,1.370000e-12,1.000000,0.000000e+00
6446.0,1.561000e-12,1.000000,0.000000e+00
6448.0,1.839000e-12,1.000000,0.000000e+00
6450.0,2.232000e-12,1.000000,0.000000e+00
6452.0,2.761000e-12,1.000000,0.000000e+00
6454.0,3.467000e-12,1.000000,0.000000e+00
6456.0,4.391000e-12,1.000000,0.000000e+00
6458.0,5.580000e-12,1.000000,0.000000e+00
6460.0,7.078000e-12,1.000000,0.000000e+00
6462.0,8.932000e-12,1.000000,0.000000e+00
6464.0,1.117000e-11,1.000000,0.000000e+00
6466.0,1.382000e-11,1.000000,0.000000e+00
6468.0,1.688000e-11,1.000000,0.000000e+00
6470.0,2.031000e-11,1.000000,0.000000e+00
6472.0,2.403000e-11,1.000000,0.000000e+00
6474.0,2.792000e-11,1.000000,0.000000e+00
6476.0,3.188000e-11,1.000000,0.000000e+00
6478.0,3.573000e-11,1.000000,0.000000e+00
6480.0,3.941000e-11,1.000000,0.000000e+00
6482.0,4.294000e-11,1.000000,0.000000e+00
6484.0,4.645000e-11,1.000000,0.000000e+00
6486.0,5.000000e-11,1.000000,0.000000e+00
6488.0,5.367000e-11,1.000000,0.000000e+00
6490.0,5.743000e-11,1.000000,0.000000e+00
6492.0,6.123000e-11,1.000000,0.000000e+00
6494.0,6.491000e-11,1.000000,0.000000e+00
6496.0,6.837000e-11,1.000000,0.000000e+00
6498.0,7.141000e-11,1.000000,0.000000e+00
6500.0,7.392000e-11,1.000000,0.000000e+00
6502.0,7.576000e-11,1.000000,0.000000e+00
6504.0,7.687000e-11,1.000000,0.000000e+00
6506.0,7.720000e-11,1.000000,0.000000e+00
6508.0,7.678000e-11,1.000000,0.000000e+00
6510.0,7.567000e-11,1.000000,0.000000e+00
6512.0,7.396000e-11,1.000000,0.000000e+00
6514.0,7.187000e-11,1.000000,0.000000e+00
6516.0,6.938000e-11,1.000000,0.000000e+00
6518.0,6.665000e-11,1.000000,0.000000e+00
6520.0,6.373000e-11,1.000000,0.000000e+00
6522.0,6.070000e-11,1.000000,0.000000e+00
6524.0,5.757000e-11,1.000000,0.000000e+00
6526.0,5.426000e-11,1.000000,0.000000e+00
6528.0,5.070000e-11,1.000000,0.000000e+00
6530.0,4.683000e-11,1.000000,0.000000e+00
6532.0,4.269000e-11,1.000000,0.000000e+00
6534.0,3.841000e-11,1.000000,0.000000e+00
6536.0,3.420000e-11,1.000000,0.000000e+00
6538.0,3.020000e-11,1.000000,0.000000e+00
6540.0,2.654000e-11,1.000000,0.000000e+00
6542.0,2.330000e-11,1.000000,0.000000e+00
6544.0,2.050000e-11,1.000000,0.000000e+00
6546.0,1.812000e-11,1.000000,0.000000e+00
6548.0,1.611000e-11,1.000000,0.000000e+00
6550.0,1.439000e-11,1.000000,0.000000e+00
6552.0,1.291000e-11,1.000000,0.000000e+00
6554.0,1.158000e-11,1.000000,0.000000e+00
6556.0,1.037000e-11,1.000000,0.000000e+00
6558.0,9.206000e-12,1.000000,0.000000e+00
6560.0,8.084000e-12,1.000000,0.000000e+00
6562.0,7.010000e-12,1.000000,0.000000e+00
6564.0,6.045000e-12,1.000000,0.000000e+00
6566.0,5.105000e-12,1.000000,0.000000e+00
6568.0,4.203000e-12,1.000000,0.000000e+00
6570.0,3.363000e-12,1.000000,0.000000e+00
6572.0,2.610000e-12,1.000000,0.000000e+00
6574.0,1.964000e-12,1.000000,0.000000e+00
6576.0,1.429000e-12,1.000000,0.000000e+00
6578.0,1.009000e-12,1.000000,0.000000e+00
6580.0,6.869000e-13,1.000000,0.000000e+00
6582.0,4.567000e-13,1.000000,0.000000e+00
6584.0,2.909000e-13,1.000000,0.000000e+00
6586.0,1.790000e-13,1.000000,0.000000e+00
6588.0,1.033000e-13,1.000000,0.000000e+00
6590.0,5.183000e-14,1.000000,0.000000e+00
6592.0,1.809000e-14,1.000000,0.000000e+00
6594.0,8.906000e-15,1.000000,0.000000e+00
6596.0,8.151000e-15,1.000000,0.000000e+00
6598.0,7.472000e-15,1.000000,0.000000e+00
6600.0,6.860000e-15,1.000000,0.000000e+00
6602.0,6.332000e-15,1.000000,0.000000e+00
6604.0,5.902000e-15,1.000000,0.000000e+00
6606.0,5.555000e-15,1.000000,0.000000e+00
6608.0,5.268000e-15,1.000000,0.000000e+00
6610.0,5.019000e-15,1.000000,0.000000e+00
6612.0,4.808000e-15,1.000000,0.000000e+00
6614.0,4.657000e-15,1.000000,0.000000e+00
6616.0,4.551000e-15,1.000000,0.000000e+00
6618.0,4.483000e-15,1.000000,0.000000e+00
6620.0,4.453000e-15,1.000000,0.000000e+00
6622.0,4.460000e-15,1.000000,0.000000e+00
6624.0,4.498000e-15,1.000000,0.000000e+00
6626.0,4.581000e-15,1.000000,0.000000e+00
6628.0,4.702000e-15,1.000000,0.000000e+00
6630.0,4.860000e-15,1.000000,0.000000e+00
6632.0,5.049000e-15,1.000000,0.000000e+00
6634.0,5.275000e-15,1.000000,0.000000e+00
6636.0,5.540000e-15,1.000000,0.000000e+00
6638.0,5.864000e-15,1.000000,0.000000e+00
6640.0,6.272000e-15,1.000000,0.000000e+00
6642.0,3.285000e-14,1.000000,0.000000e+00
6644.0,8.652000e-14,1.000000,0.000000e+00
6646.0,1.564000e-13,1.000000,0.000000e+00
6648.0,2.476000e-13,1.000000,0.000000e+00
6650.0,3.706000e-13,1.000000,0.000000e+00
6652.0,5.518000e-13,1.000000,0.000000e+00
6654.0,8.262000e-13,1.000000,0.000000e+00
6656.0,1.265000e-12,1.000000,0.000000e+00
6658.0,1.708000e-12,1.000000,0.000000e+00
6660.0,2.148000e-12,1.000000,0.000000e+00
6662.0,2.584000e-12,1.000000,0.000000e+00
6664.0,3.012000e-12,1.000000,0.000000e+00
6666.0,3.432000e-12,1.000000,0.000000e+00
6668.0,3.836000e-12,1.000000,0.000000e+00
6670.0,4.219000e-12,1.000000,0.000000e+00
6672.0,4.571000e-12,1.000000,0.000000e+00
6674.0,4.879000e-12,1.000000,0.000000e+00
6676.0,5.133000e-12,1.000000,0.000000e+00
6678.0,5.322000e-12,1.000000,0.000000e+00
6680.0,5.439000e-12,1.000000,0.000000e+00
6682.0,5.482000e-12,1.000000,0.000000e+00
6684.0,5.452000e-12,1.000000,0.000000e+00
6686.0,5.352000e-12,1.000000,0.000000e+00
6688.0,5.185000e-12,1.000000,0.000000e+00
6690.0,4.955000e-12,1.000000,0.000000e+00
6692.0,4.666000e-12,1.000000,0.000000e+00
6694.0,4.323000e-12,1.000000,0.000000e+00
6696.0,3.935000e-12,1.000000,0.000000e+00
6698.0,3.511000e-12,1.000000,0.000000e+00
6700.0,3.069000e-12,1.000000,0.000000e+00
6702.0,2.641000e-12,1.000000,0.000000e+00
6704.0,2.302000e-12,1.000000,0.000000e+00
6706.0,2.118000e-12,1.000000,0.000000e+00
6708.0,1.978000e-12,1.000000,0.000000e+00
6710.0,1.874000e-12,1.000000,0.000000e+00
6712.0,1.809000e-12,1.000000,0.000000e+00
6714.0,1.787000e-12,1.000000,0.000000e+00
6716.0,1.812000e-12,1.000000,0.000000e+00
6718.0,1.888000e-12,1.000000,0.000000e+00
6720.0,2.015000e-12,1.000000,0.000000e+00
6722.0,2.195000e-12,1.000000,0.000000e+00
6724.0,2.429000e-12,1.000000,0.000000e+00
6726.0,2.721000e-12,1.000000,0.000000e+00
6728.0,3.074000e-12,1.000000,0.000000e+00
6730.0,3.495000e-12,1.000000,0.000000e+00
6732.0,3.990000e-12,1.000000,0.000000e+00
6734.0,4.564000e-12,1.000000,0.000000e+00
6736.0,5.216000e-12,1.000000,0.000000e+00
6738.0,5.943000e-12,1.000000,0.000000e+00
6740.0,6.726000e-12,1.000000,0.000000e+00
6742.0,7.566000e-12,1.000000,0.000000e+00
6744.0,8.462000e-12,1.000000,0.000000e+00
6746.0,9.412000e-12,1.000000,0.000000e+00
6748.0,1.040000e-11,1.000000,0.000000e+00
6750.0,1.142000e-11,1.000000,0.000000e+00
6752.0,1.244000e-11,1.000000,0.000000e+00
6754.0,1.342000e-11,1.000000,0.000000e+00
6756.0,1.433000e-11,1.000000,0.000000e+00
6758.0,1.519000e-11,1.000000,0.000000e+00
6760.0,1.602000e-11,1.000000,0.000000e+00
6762.0,1.688000e-11,1.000000,0.000000e+00
6764.0,1.782000e-11,1.000000,0.000000e+00
6766.0,1.890000e-11,1.000000,0.000000e+00
6768.0,2.010000e-11,1.000000,0.000000e+00
6770.0,2.139000e-11,1.000000,0.000000e+00
6772.0,2.268000e-11,1.000000,0.000000e+00
6774.0,2.375000e-11,1.000000,0.000000e+00
6776.0,2.445000e-11,1.000000,0.000000e+00
6778.0,2.481000e-11,1.000000,0.000000e+00
6780.0,2.486000e-11,1.000000,0.000000e+00
6782.0,2.464000e-11,1.000000,0.000000e+00
6784.0,2.417000e-11,1.000000,0.000000e+00
6786.0,2.349000e-11,1.000000,0.000000e+00
6788.0,2.262000e-11,1.000000,0.000000e+00
6790.0,2.157000e-11,1.000000,0.000000e+00
6792.0,2.038000e-11,1.000000,0.000000e+00
6794.0,1.908000e-11,1.000000,0.000000e+00
6796.0,1.770000e-11,1.000000,0.000000e+00
6798.0,1.626000e-11,1.000000,0.000000e+00
6800.0,1.477000e-11,1.000000,0.000000e+00
6802.0,1.323000e-11,1.000000,0.000000e+00
6804.0,1.165000e-11,1.000000,0.000000e+00
6806.0,9.999000e-12,1.000000,0.000000e+00
6808.0,8.290000e-12,1.000000,0.000000e+00
6810.0,6.576000e-12,1.000000,0.000000e+00
6812.0,4.935000e-12,1.000000,0.000000e+00
6814.0,3.475000e-12,1.000000,0.000000e+00
6816.0,2.280000e-12,1.000000,0.000000e+00
6818.0,1.419000e-12,1.000000,0.000000e+00
6820.0,9.163000e-13,1.000000,0.000000e+00
6822.0,7.470000e-13,1.000000,0.000000e+00
6824.0,7.556000e-13,1.000000,0.000000e+00
6826.0,7.834000e-13,1.000000,0.000000e+00
6828.0,8.307000e-13,1.000000,0.000000e+00
6830.0,8.969000e-13,1.000000,0.000000e+00
6832.0,9.822000e-13,1.000000,0.000000e+00
6834.0,1.088000e-12,1.000000,0.000000e+00
6836.0,1.215000e-12,1.000000,0.000000e+00
6838.0,1.367000e-12,1.000000,0.000000e+00
6840.0,1.546000e-12,1.000000,0.000000e+00
6842.0,1.755000e-12,1.000000,0.000000e+00
6844.0,1.999000e-12,1.000000,0.000000e+00
6846.0,2.283000e-12,1.000000,0.000000e+00
6848.0,2.614000e-12,1.000000,0.000000e+00
6850.0,2.998000e-12,1.000000,0.000000e+00
6852.0,3.446000e-12,1.000000,0.000000e+00
6854.0,3.968000e-12,1.000000,0.000000e+00
6856.0,4.576000e-12,1.000000,0.000000e+00
6858.0,5.280000e-12,1.000000,0.000000e+00
6860.0,6.095000e-12,1.000000,0.000000e+00
6862.0,7.031000e-12,1.000000,0.000000e+00
6864.0,8.103000e-12,1.000000,0.000000e+00
6866.0,9.320000e-12,1.000000,0.000000e+00
6868.0,1.070000e-11,1.000000,0.000000e+00
6870.0,1.225000e-11,1.000000,0.000000e+00
6872.0,1.400000e-11,1.000000,0.000000e+00
6874.0,1.600000e-11,1.000000,0.000000e+00
6876.0,1.825000e-11,1.000000,0.000000e+00
6878.0,2.082000e-11,1.000000,0.000000e+00
6880.0,2.377000e-11,1.000000,0.000000e+00
6882.0,2.719000e-11,1.000000,0.000000e+00
6884.0,3.115000e-11,1.000000,0.000000e+00
6886.0,3.576000e-11,1.000000,0.000000e+00
6888.0,4.110000e-11,1.000000,0.000000e+00
6890.0,4.725000e-11,1.000000,0.000000e+00
6892.0,5.425000e-11,1.000000,0.000000e+00
6894.0,6.219000e-11,1.000000,0.000000e+00
6896.0,7.118000e-11,1.000000,0.000000e+00
6898.0,8.133000e-11,1.000000,0.000000e+00
6900.0,9.264000e-11,1.000000,0.000000e+00
6902.0,1.052000e-10,1.000000,0.000000e+00
6904.0,1.190000e-10,1.000000,0.000000e+00
6906.0,1.341000e-10,1.000000,0.000000e+00
6908.0,1.506000e-10,1.000000,0.000000e+00
6910.0,1.684000e-10,1.000000,0.000000e+00
6912.0,1.879000e-10,1.000000,0.000000e+00
6914.0,2.094000e-10,1.000000,0.000000e+00
6916.0,2.339000e-10,1.000000,0.000000e+00
6918.0,2.624000e-10,1.000000,0.000000e+00
6920.0,2.956000e-10,1.000000,0.000000e+00
6922.0,3.345000e-10,1.000000,0.000000e+00
6924.0,3.795000e-10,1.000000,0.000000e+00
6926.0,4.309000e-10,1.000000,0.000000e+00
6928.0,4.883000e-10,1.000000,0.000000e+00
6930.0,5.499000e-10,1.000000,0.000000e+00
6932.0,6.166000e-10,1.000000,0.000000e+00
6934.0,6.887000e-10,1.000000,0.000000e+00
6936.0,7.664000e-10,1.000000,0.000000e+00
6938.0,8.495000e-10,1.000000,0.000000e+00
6940.0,9.372000e-10,1.000000,0.000000e+00
6942.0,1.028000e-09,1.000000,0.000000e+00
6944.0,1.119000e-09,1.000000,0.000000e+00
6946.0,1.209000e-09,1.000000,0.000000e+00
6948.0,1.293000e-09,1.000000,0.000000e+00
6950.0,1.372000e-09,1.000000,0.000000e+00
6952.0,1.448000e-09,1.000000,0.000000e+00
6954.0,1.526000e-09,1.000000,0.000000e+00
6956.0,1.612000e-09,1.000000,0.000000e+00
6958.0,1.711000e-09,1.000000,0.000000e+00
6960.0,1.822000e-09,1.000000,0.000000e+00
6962.0,1.944000e-09,1.000000,0.000000e+00
6964.0,2.070000e-09,1.000000,0.000000e+00
6966.0,2.175000e-09,1.000000,0.000000e+00
6968.0,2.246000e-09,1.000000,0.000000e+00
6970.0,2.287000e-09,1.000000,0.000000e+00
6972.0,2.298000e-09,1.000000,0.000000e+00
6974.0,2.285000e-09,1.000000,0.000000e+00
6976.0,2.248000e-09,1.000000,0.000000e+00
6978.0,2.190000e-09,1.000000,0.000000e+00
6980.0,2.111000e-09,1.000000,0.000000e+00
6982.0,2.016000e-09,1.000000,0.000000e+00
6984.0,1.906000e-09,1.000000,0.000000e+00
6986.0,1.785000e-09,1.000000,0.000000e+00
6988.0,1.657000e-09,1.000000,0.000000e+00
6990.0,1.521000e-09,1.000000,0.000000e+00
6992.0,1.382000e-09,1.000000,0.000000e+00
6994.0,1.238000e-09,1.000000,0.000000e+00
6996.0,1.089000e-09,1.000000,0.000000e+00
6998.0,9.341000e-10,1.000000,0.000000e+00
7000.0,7.733000e-10,1.000000,0.000000e+00
7002.0,6.100000e-10,1.000000,0.000000e+00
7004.0,4.528000e-10,1.000000,0.000000e+00
7006.0,3.101000e-10,1.000000,0.000000e+00
7008.0,1.906000e-10,1.000000,0.000000e+00
7010.0,1.028000e-10,1.000000,0.000000e+00
7012.0,4.896000e-11,1.000000,0.000000e+00
7014.0,2.904000e-11,1.000000,0.000000e+00
7016.0,2.392000e-11,1.000000,0.000000e+00
7018.0,1.984000e-11,1.000000,0.000000e+00
7020.0,1.661000e-11,1.000000,0.000000e+00
7022.0,1.403000e-11,1.000000,0.000000e+00
7024.0,1.193000e-11,1.000000,0.000000e+00
7026.0,1.023000e-11,1.000000,0.000000e+00
7028.0,8.815000e-12,1.000000,0.000000e+00
7030.0,7.641000e-12,1.000000,0.000000e+00
7032.0,6.658000e-12,1.000000,0.000000e+00
7034.0,5.828000e-12,1.000000,0.000000e+00
7036.0,5.123000e-12,1.000000,0.000000e+00
7038.0,4.521000e-12,1.000000,0.000000e+00
7040.0,4.004000e-12,1.000000,0.000000e+00
7042.0,3.558000e-12,1.000000,0.000000e+00
7044.0,3.171000e-12,1.000000,0.000000e+00
7046.0,2.834000e-12,1.000000,0.000000e+00
7048.0,2.539000e-12,1.000000,0.000000e+00
7050.0,2.280000e-12,1.000000,0.000000e+00
7052.0,2.052000e-12,1.000000,0.000000e+00
7054.0,1.850000e-12,1.000000,0.000000e+00
7056.0,1.671000e-12,1.000000,0.000000e+00
7058.0,1.512000e-12,1.000000,0.000000e+00
7060.0,1.370000e-12,1.000000,0.000000e+00
7062.0,1.243000e-12,1.000000,0.000000e+00
7064.0,1.129000e-12,1.000000,0.000000e+00
7066.0,1.026000e-12,1.000000,0.000000e+00
7068.0,9.339000e-13,1.000000,0.000000e+00
7070.0,8.504000e-13,1.000000,0.000000e+00
7072.0,7.748000e-13,1.000000,0.000000e+00
7074.0,7.063000e-13,1.000000,0.000000e+00
7076.0,6.440000e-13,1.000000,0.000000e+00
7078.0,5.872000e-13,1.000000,0.000000e+00
7080.0,5.354000e-13,1.000000,0.000000e+00
7082.0,4.881000e-13,1.000000,0.000000e+00
7084.0,4.448000e-13,1.000000,0.000000e+00
7086.0,4.051000e-13,1.000000,0.000000e+00
7088.0,3.686000e-13,1.000000,0.000000e+00
7090.0,3.351000e-13,1.000000,0.000000e+00
7092.0,3.042000e-13,1.000000,0.000000e+00
7094.0,2.757000e-13,1.000000,0.000000e+00
7096.0,2.494000e-13,1.000000,0.000000e+00
7098.0,2.252000e-13,1.000000,0.000000e+00
7100.0,2.027000e-13,1.000000,0.000000e+00
7102.0,1.818000e-13,1.000000,0.000000e+00
7104.0,1.625000e-13,1.000000,0.000000e+00
7106.0,1.446000e-13,1.000000,0.000000e+00
7108.0,1.280000e-13,1.000000,0.000000e+00
7110.0,1.125000e-13,1.000000,0.000000e+00
7112.0,9.815000e-14,1.000000,0.000000e+00
7114.0,8.481000e-14,1.000000,0.000000e+00
7116.0,7.242000e-14,1.000000,0.000000e+00
7118.0,6.095000e-14,1.000000,0.000000e+00
7120.0,5.034000e-14,1.000000,0.000000e+00
7122.0,4.060000e-14,1.000000,0.000000e+00
7124.0,3.174000e-14,1.000000,0.000000e+00
7126.0,2.390000e-14,1.000000,0.000000e+00
7128.0,1.717000e-14,1.000000,0.000000e+00
7130.0,1.206000e-14,1.000000,0.000000e+00
7132.0,1.034000e-14,1.000000,0.000000e+00
7134.0,9.811000e-15,1.000000,0.000000e+00
7136.0,9.358000e-15,1.000000,0.000000e+00
7138.0,8.906000e-15,1.000000,0.000000e+00
7140.0,8.453000e-15,1.000000,0.000000e+00
7142.0,8.075000e-15,1.000000,0.000000e+00
7144.0,7.698000e-15,1.000000,0.000000e+00
7146.0,7.328000e-15,1.000000,0.000000e+00
7148.0,6.989000e-15,1.000000,0.000000e+00
7150.0,6.664000e-15,1.000000,0.000000e+00
7152.0,6.355000e-15,1.000000,0.000000e+00
7154.0,6.068000e-15,1.000000,0.000000e+00
7156.0,5.796000e-15,1.000000,0.000000e+00
7158.0,5.540000e-15,1.000000,0.000000e+00
7160.0,5.298000e-15,1.000000,0.000000e+00
7162.0,5.064000e-15,1.000000,0.000000e+00
7164.0,4.845000e-15,1.000000,0.000000e+00
7166.0,4.642000e-15,1.000000,0.000000e+00
7168.0,4.445000e-15,1.000000,0.000000e+00
7170.0,4.257000e-15,1.000000,0.000000e+00
7172.0,4.075000e-15,1.000000,0.000000e+00
7174.0,3.909000e-15,1.000000,0.000000e+00
7176.0,3.743000e-15,1.000000,0.000000e+00
7178.0,3.592000e-15,1.000000,0.000000e+00
7180.0,3.449000e-15,1.000000,0.000000e+00
7182.0,3.306000e-15,1.000000,0.000000e+00
7184.0,3.177000e-15,1.000000,0.000000e+00
7186.0,3.057000e-15,1.000000,0.000000e+00
7188.0,2.936000e-15,1.000000,0.000000e+00
7190.0,2.823000e-15,1.000000,0.000000e+00
7192.0,2.709000e-15,1.000000,0.000000e+00
7194.0,2.611000e-15,1.000000,0.000000e+00
7196.0,2.513000e-15,1.000000,0.000000e+00
7198.0,2.415000e-15,1.000000,0.000000e+00
7200.0,2.325000e-15,1.000000,0.000000e+00
7202.0,2.242000e-15,1.000000,0.000000e+00
7204.0,2.158000e-15,1.000000,0.000000e+00
7206.0,2.083000e-15,1.000000,0.000000e+00
7208.0,2.008000e-15,1.000000,0.000000e+00
7210.0,1.940000e-15,1.000000,0.000000e+00
7212.0,1.872000e-15,1.000000,0.000000e+00
7214.0,1.804000e-15,1.000000,0.000000e+00
7216.0,1.743000e-15,1.000000,0.000000e+00
7218.0,1.691000e-15,1.000000,0.000000e+00
7220.0,1.638000e-15,1.000000,0.000000e+00
7222.0,1.585000e-15,1.000000,0.000000e+00
7224.0,1.540000e-15,1.000000,0.000000e+00
7226.0,1.494000e-15,1.000000,0.000000e+00
7228.0,1.457000e-15,1.000000,0.000000e+00
7230.0,1.419000e-15,1.000000,0.000000e+00
7232.0,1.389000e-15,1.000000,0.000000e+00
7234.0,1.358000e-15,1.000000,0.000000e+00
7236.0,1.343000e-15,1.000000,0.000000e+00
7238.0,1.321000e-15,1.000000,0.000000e+00
7240.0,1.298000e-15,1.000000,0.000000e+00
7242.0,1.283000e-15,1.000000,0.000000e+00
7244.0,1.268000e-15,1.000000,0.000000e+00
7246.0,1.253000e-15,1.000000,0.000000e+00
7248.0,1.245000e-15,1.000000,0.000000e+00
7250.0,5.862000e-15,1.000000,0.000000e+00
7252.0,3.288000e-14,1.000000,0.000000e+00
7254.0,6.265000e-14,1.000000,0.000000e+00
7256.0,9.326000e-14,1.000000,0.000000e+00
7258.0,1.234000e-13,1.000000,0.000000e+00
7260.0,1.522000e-13,1.000000,0.000000e+00
7262.0,1.796000e-13,1.000000,0.000000e+00
7264.0,2.058000e-13,1.000000,0.000000e+00
7266.0,2.317000e-13,1.000000,0.000000e+00
7268.0,2.575000e-13,1.000000,0.000000e+00
7270.0,2.833000e-13,1.000000,0.000000e+00
7272.0,3.087000e-13,1.000000,0.000000e+00
7274.0,3.328000e-13,1.000000,0.000000e+00
7276.0,3.550000e-13,1.000000,0.000000e+00
7278.0,3.742000e-13,1.000000,0.000000e+00
7280.0,3.895000e-13,1.000000,0.000000e+00
7282.0,4.003000e-13,1.000000,0.000000e+00
7284.0,4.058000e-13,1.000000,0.000000e+00
7286.0,4.058000e-13,1.000000,0.000000e+00
7288.0,4.003000e-13,1.000000,0.000000e+00
7290.0,3.895000e-13,1.000000,0.000000e+00
7292.0,3.742000e-13,1.000000,0.000000e+00
7294.0,3.548000e-13,1.000000,0.000000e+00
7296.0,3.324000e-13,1.000000,0.000000e+00
7298.0,3.077000e-13,1.000000,0.000000e+00
7300.0,2.818000e-13,1.000000,0.000000e+00
7302.0,2.549000e-13,1.000000,0.000000e+00
7304.0,2.274000e-13,1.000000,0.000000e+00
7306.0,1.990000e-13,1.000000,0.000000e+00
7308.0,1.691000e-13,1.000000,0.000000e+00
7310.0,1.374000e-13,1.000000,0.000000e+00
7312.0,1.040000e-13,1.000000,0.000000e+00
7314.0,6.996000e-14,1.000000,0.000000e+00
7316.0,3.648000e-14,1.000000,0.000000e+00
7318.0,5.560000e-15,1.000000,0.000000e+00
7320.0,6.709000e-16,1.000000,0.000000e+00
7322.0,6.468000e-16,1.000000,0.000000e+00
7324.0,6.196000e-16,1.000000,0.000000e+00
7326.0,5.917000e-16,1.000000,0.000000e+00
7328.0,5.645000e-16,1.000000,0.000000e+00
7330.0,5.396000e-16,1.000000,0.000000e+00
7332.0,5.162000e-16,1.000000,0.000000e+00
7334.0,4.928000e-16,1.000000,0.000000e+00
7336.0,4.717000e-16,1.000000,0.000000e+00
7338.0,4.528000e-16,1.000000,0.000000e+00
7340.0,4.385000e-16,1.000000,0.000000e+00
7342.0,4.279000e-16,1.000000,0.000000e+00
7344.0,4.211000e-16,1.000000,0.000000e+00
7346.0,4.181000e-16,1.000000,0.000000e+00
7348.0,4.166000e-16,1.000000,0.000000e+00
7350.0,4.166000e-16,1.000000,0.000000e+00
7352.0,4.189000e-16,1.000000,0.000000e+00
7354.0,4.226000e-16,1.000000,0.000000e+00
7356.0,4.279000e-16,1.000000,0.000000e+00
7358.0,4.370000e-16,1.000000,0.000000e+00
7360.0,4.475000e-16,1.000000,0.000000e+00
7362.0,4.611000e-16,1.000000,0.000000e+00
7364.0,4.755000e-16,1.000000,0.000000e+00
7366.0,4.936000e-16,1.000000,0.000000e+00
7368.0,5.155000e-16,1.000000,0.000000e+00
7370.0,5.426000e-16,1.000000,0.000000e+00
7372.0,5.736000e-16,1.000000,0.000000e+00
7374.0,6.060000e-16,1.000000,0.000000e+00
7376.0,6.453000e-16,1.000000,0.000000e+00
7378.0,6.928000e-16,1.000000,0.000000e+00
7380.0,2.296000e-14,1.000000,0.000000e+00
7382.0,5.327000e-14,1.000000,0.000000e+00
7384.0,8.601000e-14,1.000000,0.000000e+00
7386.0,1.202000e-13,1.000000,0.000000e+00
7388.0,1.548000e-13,1.000000,0.000000e+00
7390.0,1.892000e-13,1.000000,0.000000e+00
7392.0,2.235000e-13,1.000000,0.000000e+00
7394.0,2.581000e-13,1.000000,0.000000e+00
7396.0,2.945000e-13,1.000000,0.000000e+00
7398.0,3.339000e-13,1.000000,0.000000e+00
7400.0,3.774000e-13,1.000000,0.000000e+00
7402.0,4.261000e-13,1.000000,0.000000e+00
7404.0,4.803000e-13,1.000000,0.000000e+00
7406.0,5.411000e-13,1.000000,0.000000e+00
7408.0,6.089000e-13,1.000000,0.000000e+00
7410.0,6.851000e-13,1.000000,0.000000e+00
7412.0,7.711000e-13,1.000000,0.000000e+00
7414.0,8.691000e-13,1.000000,0.000000e+00
7416.0,9.818000e-13,1.000000,0.000000e+00
7418.0,1.112000e-12,1.000000,0.000000e+00
7420.0,1.263000e-12,1.000000,0.000000e+00
7422.0,1.436000e-12,1.000000,0.000000e+00
7424.0,1.634000e-12,1.000000,0.000000e+00
7426.0,1.856000e-12,1.000000,0.000000e+00
7428.0,2.099000e-12,1.000000,0.000000e+00
7430.0,2.358000e-12,1.000000,0.000000e+00
7432.0,2.625000e-12,1.000000,0.000000e+00
7434.0,2.889000e-12,1.000000,0.000000e+00
7436.0,3.139000e-12,1.000000,0.000000e+00
7438.0,3.373000e-12,1.000000,0.000000e+00
7440.0,3.595000e-12,1.000000,0.000000e+00
7442.0,3.811000e-12,1.000000,0.000000e+00
7444.0,4.032000e-12,1.000000,0.000000e+00
7446.0,4.260000e-12,1.000000,0.000000e+00
7448.0,4.497000e-12,1.000000,0.000000e+00
7450.0,4.736000e-12,1.000000,0.000000e+00
7452.0,4.970000e-12,1.000000,0.000000e+00
7454.0,5.185000e-12,1.000000,0.000000e+00
7456.0,5.369000e-12,1.000000,0.000000e+00
7458.0,5.511000e-12,1.000000,0.000000e+00
7460.0,5.600000e-12,1.000000,0.000000e+00
7462.0,5.630000e-12,1.000000,0.000000e+00
7464.0,5.600000e-12,1.000000,0.000000e+00
7466.0,5.512000e-12,1.000000,0.000000e+00
7468.0,5.369000e-12,1.000000,0.000000e+00
7470.0,5.181000e-12,1.000000,0.000000e+00
7472.0,4.955000e-12,1.000000,0.000000e+00
7474.0,4.699000e-12,1.000000,0.000000e+00
7476.0,4.424000e-12,1.000000,0.000000e+00
7478.0,4.134000e-12,1.000000,0.000000e+00
7480.0,3.833000e-12,1.000000,0.000000e+00
7482.0,3.520000e-12,1.000000,0.000000e+00
7484.0,3.193000e-12,1.000000,0.000000e+00
7486.0,2.847000e-12,1.000000,0.000000e+00
7488.0,2.481000e-12,1.000000,0.000000e+00
7490.0,2.103000e-12,1.000000,0.000000e+00
7492.0,1.730000e-12,1.000000,0.000000e+00
7494.0,1.375000e-12,1.000000,0.000000e+00
7496.0,1.053000e-12,1.000000,0.000000e+00
7498.0,7.751000e-13,1.000000,0.000000e+00
7500.0,5.442000e-13,1.000000,0.000000e+00
7502.0,3.613000e-13,1.000000,0.000000e+00
7504.0,2.236000e-13,1.000000,0.000000e+00
7506.0,1.239000e-13,1.000000,0.000000e+00
7508.0,5.619000e-14,1.000000,0.000000e+00
7510.0,1.470000e-14,1.000000,0.000000e+00
7512.0,4.747000e-15,1.000000,0.000000e+00
7514.0,4.483000e-15,1.000000,0.000000e+00
7516.0,4.279000e-15,1.000000,0.000000e+00
7518.0,4.158000e-15,1.000000,0.000000e+00
7520.0,4.136000e-15,1.000000,0.000000e+00
7522.0,4.204000e-15,1.000000,0.000000e+00
7524.0,4.355000e-15,1.000000,0.000000e+00
7526.0,1.840000e-14,1.000000,0.000000e+00
7528.0,4.496000e-14,1.000000,0.000000e+00
7530.0,8.112000e-14,1.000000,0.000000e+00
7532.0,1.284000e-13,1.000000,0.000000e+00
7534.0,1.892000e-13,1.000000,0.000000e+00
7536.0,2.667000e-13,1.000000,0.000000e+00
7538.0,3.638000e-13,1.000000,0.000000e+00
7540.0,4.862000e-13,1.000000,0.000000e+00
7542.0,6.386000e-13,1.000000,0.000000e+00
7544.0,8.266000e-13,1.000000,0.000000e+00
7546.0,1.056000e-12,1.000000,0.000000e+00
7548.0,1.334000e-12,1.000000,0.000000e+00
7550.0,1.665000e-12,1.000000,0.000000e+00
7552.0,2.055000e-12,1.000000,0.000000e+00
7554.0,2.506000e-12,1.000000,0.000000e+00
7556.0,3.021000e-12,1.000000,0.000000e+00
7558.0,3.595000e-12,1.000000,0.000000e+00
7560.0,4.225000e-12,1.000000,0.000000e+00
7562.0,4.900000e-12,1.000000,0.000000e+00
7564.0,5.605000e-12,1.000000,0.000000e+00
7566.0,6.318000e-12,1.000000,0.000000e+00
7568.0,7.018000e-12,1.000000,0.000000e+00
7570.0,7.688000e-12,1.000000,0.000000e+00
7572.0,8.326000e-12,1.000000,0.000000e+00
7574.0,8.949000e-12,1.000000,0.000000e+00
7576.0,9.578000e-12,1.000000,0.000000e+00
7578.0,1.023000e-11,1.000000,0.000000e+00
7580.0,1.089000e-11,1.000000,0.000000e+00
7582.0,1.157000e-11,1.000000,0.000000e+00
7584.0,1.224000e-11,1.000000,0.000000e+00
7586.0,1.286000e-11,1.000000,0.000000e+00
7588.0,1.339000e-11,1.000000,0.000000e+00
7590.0,1.380000e-11,1.000000,0.000000e+00
7592.0,1.407000e-11,1.000000,0.000000e+00
7594.0,1.418000e-11,1.000000,0.000000e+00
7596.0,1.412000e-11,1.000000,0.000000e+00
7598.0,1.390000e-11,1.000000,0.000000e+00
7600.0,1.354000e-11,1.000000,0.000000e+00
7602.0,1.306000e-11,1.000000,0.000000e+00
7604.0,1.247000e-11,1.000000,0.000000e+00
7606.0,1.181000e-11,1.000000,0.000000e+00
7608.0,1.108000e-11,1.000000,0.000000e+00
7610.0,1.032000e-11,1.000000,0.000000e+00
7612.0,9.520000e-12,1.000000,0.000000e+00
7614.0,8.700000e-12,1.000000,0.000000e+00
7616.0,7.857000e-12,1.000000,0.000000e+00
7618.0,6.985000e-12,1.000000,0.000000e+00
7620.0,6.077000e-12,1.000000,0.000000e+00
7622.0,5.144000e-12,1.000000,0.000000e+00
7624.0,4.213000e-12,1.000000,0.000000e+00
7626.0,3.324000e-12,1.000000,0.000000e+00
7628.0,2.518000e-12,1.000000,0.000000e+00
7630.0,1.820000e-12,1.000000,0.000000e+00
7632.0,1.251000e-12,1.000000,0.000000e+00
7634.0,8.129000e-13,1.000000,0.000000e+00
7636.0,4.967000e-13,1.000000,0.000000e+00
7638.0,2.819000e-13,1.000000,0.000000e+00
7640.0,1.460000e-13,1.000000,0.000000e+00
7642.0,6.531000e-14,1.000000,0.000000e+00
7644.0,1.977000e-14,1.000000,0.000000e+00
7646.0,6.506000e-15,1.000000,0.000000e+00
7648.0,5.547000e-15,1.000000,0.000000e+00
7650.0,4.740000e-15,1.000000,0.000000e+00
7652.0,4.113000e-15,1.000000,0.000000e+00
7654.0,3.645000e-15,1.000000,0.000000e+00
7656.0,3.291000e-15,1.000000,0.000000e+00
7658.0,3.004000e-15,1.000000,0.000000e+00
7660.0,2.755000e-15,1.000000,0.000000e+00
7662.0,2.536000e-15,1.000000,0.000000e+00
7664.0,2.392000e-15,1.000000,0.000000e+00
7666.0,2.302000e-15,1.000000,0.000000e+00
7668.0,2.249000e-15,1.000000,0.000000e+00
7670.0,2.219000e-15,1.000000,0.000000e+00
7672.0,2.226000e-15,1.000000,0.000000e+00
7674.0,2.264000e-15,1.000000,0.000000e+00
7676.0,2.340000e-15,1.000000,0.000000e+00
7678.0,2.445000e-15,1.000000,0.000000e+00
7680.0,2.581000e-15,1.000000,0.000000e+00
7682.0,8.149000e-15,1.000000,0.000000e+00
7684.0,4.005000e-14,1.000000,0.000000e+00
7686.0,8.285000e-14,1.000000,0.000000e+00
7688.0,1.376000e-13,1.000000,0.000000e+00
7690.0,2.056000e-13,1.000000,0.000000e+00
7692.0,2.892000e-13,1.000000,0.000000e+00
7694.0,3.902000e-13,1.000000,0.000000e+00
7696.0,5.099000e-13,1.000000,0.000000e+00
7698.0,6.488000e-13,1.000000,0.000000e+00
7700.0,8.062000e-13,1.000000,0.000000e+00
7702.0,9.798000e-13,1.000000,0.000000e+00
7704.0,1.166000e-12,1.000000,0.000000e+00
7706.0,1.358000e-12,1.000000,0.000000e+00
7708.0,1.551000e-12,1.000000,0.000000e+00
7710.0,1.737000e-12,1.000000,0.000000e+00
7712.0,1.915000e-12,1.000000,0.000000e+00
7714.0,2.088000e-12,1.000000,0.000000e+00
7716.0,2.261000e-12,1.000000,0.000000e+00
7718.0,2.440000e-12,1.000000,0.000000e+00
7720.0,2.626000e-12,1.000000,0.000000e+00
7722.0,2.818000e-12,1.000000,0.000000e+00
7724.0,3.010000e-12,1.000000,0.000000e+00
7726.0,3.195000e-12,1.000000,0.000000e+00
7728.0,3.365000e-12,1.000000,0.000000e+00
7730.0,3.508000e-12,1.000000,0.000000e+00
7732.0,3.618000e-12,1.000000,0.000000e+00
7734.0,3.689000e-12,1.000000,0.000000e+00
7736.0,3.718000e-12,1.000000,0.000000e+00
7738.0,3.705000e-12,1.000000,0.000000e+00
7740.0,3.652000e-12,1.000000,0.000000e+00
7742.0,3.564000e-12,1.000000,0.000000e+00
7744.0,3.447000e-12,1.000000,0.000000e+00
7746.0,3.305000e-12,1.000000,0.000000e+00
7748.0,3.146000e-12,1.000000,0.000000e+00
7750.0,2.973000e-12,1.000000,0.000000e+00
7752.0,2.790000e-12,1.000000,0.000000e+00
7754.0,2.600000e-12,1.000000,0.000000e+00
7756.0,2.400000e-12,1.000000,0.000000e+00
7758.0,2.189000e-12,1.000000,0.000000e+00
7760.0,1.963000e-12,1.000000,0.000000e+00
7762.0,1.722000e-12,1.000000,0.000000e+00
7764.0,1.473000e-12,1.000000,0.000000e+00
7766.0,1.226000e-12,1.000000,0.000000e+00
7768.0,9.909000e-13,1.000000,0.000000e+00
7770.0,7.778000e-13,1.000000,0.000000e+00
7772.0,5.938000e-13,1.000000,0.000000e+00
7774.0,4.407000e-13,1.000000,0.000000e+00
7776.0,3.182000e-13,1.000000,0.000000e+00
7778.0,2.235000e-13,1.000000,0.000000e+00
7780.0,1.522000e-13,1.000000,0.000000e+00
7782.0,9.812000e-14,1.000000,0.000000e+00
7784.0,5.676000e-14,1.000000,0.000000e+00
7786.0,2.415000e-14,1.000000,0.000000e+00
7788.0,1.683000e-15,1.000000,0.000000e+00
7790.0,1.434000e-15,1.000000,0.000000e+00
7792.0,1.238000e-15,1.000000,0.000000e+00
7794.0,1.079000e-15,1.000000,0.000000e+00
7796.0,9.434000e-16,1.000000,0.000000e+00
7798.0,8.302000e-16,1.000000,0.000000e+00
7800.0,7.306000e-16,1.000000,0.000000e+00
7802.0,6.400000e-16,1.000000,0.000000e+00
7804.0,5.691000e-16,1.000000,0.000000e+00
7806.0,5.117000e-16,1.000000,0.000000e+00
7808.0,4.626000e-16,1.000000,0.000000e+00
7810.0,4.166000e-16,1.000000,0.000000e+00
7812.0,3.743000e-16,1.000000,0.000000e+00
7814.0,3.411000e-16,1.000000,0.000000e+00
7816.0,3.132000e-16,1.000000,0.000000e+00
7818.0,2.891000e-16,1.000000,0.000000e+00
7820.0,2.664000e-16,1.000000,0.000000e+00
7822.0,2.453000e-16,1.000000,0.000000e+00
7824.0,2.279000e-16,1.000000,0.000000e+00
7826.0,2.136000e-16,1.000000,0.000000e+00
7828.0,2.008000e-16,1.000000,0.000000e+00
7830.0,1.887000e-16,1.000000,0.000000e+00
7832.0,1.781000e-16,1.000000,0.000000e+00
7834.0,1.698000e-16,1.000000,0.000000e+00
7836.0,1.623000e-16,1.000000,0.000000e+00
7838.0,1.562000e-16,1.000000,0.000000e+00
7840.0,1.509000e-16,1.000000,0.000000e+00
7842.0,1.472000e-16,1.000000,0.000000e+00
7844.0,1.434000e-16,1.000000,0.000000e+00
7846.0,1.419000e-16,1.000000,0.000000e+00
7848.0,1.411000e-16,1.000000,0.000000e+00
7850.0,1.419000e-16,1.000000,0.000000e+00
7852.0,1.434000e-16,1.000000,0.000000e+00
7854.0,1.457000e-16,1.000000,0.000000e+00
7856.0,1.502000e-16,1.000000,0.000000e+00
7858.0,1.570000e-16,1.000000,0.000000e+00
7860.0,1.668000e-16,1.000000,0.000000e+00
7862.0,1.811000e-16,1.000000,0.000000e+00
7864.0,1.985000e-16,1.000000,0.000000e+00
7866.0,2.181000e-16,1.000000,0.000000e+00
7868.0,2.415000e-16,1.000000,0.000000e+00
7870.0,2.664000e-16,1.000000,0.000000e+00
7872.0,2.966000e-16,1.000000,0.000000e+00
7874.0,3.313000e-16,1.000000,0.000000e+00
7876.0,3.675000e-16,1.000000,0.000000e+00
7878.0,4.030000e-16,1.000000,0.000000e+00
7880.0,4.347000e-16,1.000000,0.000000e+00
7882.0,4.619000e-16,1.000000,0.000000e+00
7884.0,4.875000e-16,1.000000,0.000000e+00
7886.0,5.117000e-16,1.000000,0.000000e+00
7888.0,5.336000e-16,1.000000,0.000000e+00
7890.0,5.540000e-16,1.000000,0.000000e+00
7892.0,5.706000e-16,1.000000,0.000000e+00
7894.0,5.849000e-16,1.000000,0.000000e+00
7896.0,5.977000e-16,1.000000,0.000000e+00
7898.0,6.113000e-16,1.000000,0.000000e+00
7900.0,1.061000e-14,1.000000,0.000000e+00
7902.0,2.170000e-14,1.000000,0.000000e+00
7904.0,3.323000e-14,1.000000,0.000000e+00
7906.0,4.525000e-14,1.000000,0.000000e+00
7908.0,5.762000e-14,1.000000,0.000000e+00
7910.0,7.011000e-14,1.000000,0.000000e+00
7912.0,8.221000e-14,1.000000,0.000000e+00
7914.0,9.352000e-14,1.000000,0.000000e+00
7916.0,1.034000e-13,1.000000,0.000000e+00
7918.0,1.115000e-13,1.000000,0.000000e+00
7920.0,1.176000e-13,1.000000,0.000000e+00
7922.0,1.216000e-13,1.000000,0.000000e+00
7924.0,1.234000e-13,1.000000,0.000000e+00
7926.0,1.229000e-13,1.000000,0.000000e+00
7928.0,1.206000e-13,1.000000,0.000000e+00
7930.0,1.170000e-13,1.000000,0.000000e+00
7932.0,1.127000e-13,1.000000,0.000000e+00
7934.0,1.081000e-13,1.000000,0.000000e+00
7936.0,1.038000e-13,1.000000,0.000000e+00
7938.0,1.002000e-13,1.000000,0.000000e+00
7940.0,9.738000e-14,1.000000,0.000000e+00
7942.0,9.552000e-14,1.000000,0.000000e+00
7944.0,9.443000e-14,1.000000,0.000000e+00
7946.0,9.389000e-14,1.000000,0.000000e+00
7948.0,9.366000e-14,1.000000,0.000000e+00
7950.0,9.377000e-14,1.000000,0.000000e+00
7952.0,9.433000e-14,1.000000,0.000000e+00
7954.0,9.567000e-14,1.000000,0.000000e+00
7956.0,9.768000e-14,1.000000,0.000000e+00
7958.0,1.005000e-13,1.000000,0.000000e+00
7960.0,1.046000e-13,1.000000,0.000000e+00
7962.0,1.106000e-13,1.000000,0.000000e+00
7964.0,1.191000e-13,1.000000,0.000000e+00
7966.0,1.304000e-13,1.000000,0.000000e+00
7968.0,1.446000e-13,1.000000,0.000000e+00
7970.0,1.611000e-13,1.000000,0.000000e+00
7972.0,1.789000e-13,1.000000,0.000000e+00
7974.0,1.960000e-13,1.000000,0.000000e+00
7976.0,2.106000e-13,1.000000,0.000000e+00
7978.0,2.203000e-13,1.000000,0.000000e+00
7980.0,2.255000e-13,1.000000,0.000000e+00
7982.0,2.263000e-13,1.000000,0.000000e+00
7984.0,2.231000e-13,1.000000,0.000000e+00
7986.0,2.165000e-13,1.000000,0.000000e+00
7988.0,2.068000e-13,1.000000,0.000000e+00
7990.0,1.945000e-13,1.000000,0.000000e+00
7992.0,1.800000e-13,1.000000,0.000000e+00
7994.0,1.637000e-13,1.000000,0.000000e+00
7996.0,1.462000e-13,1.000000,0.000000e+00
7998.0,1.278000e-13,1.000000,0.000000e+00
8000.0,1.088000e-13,1.000000,0.000000e+00
8002.0,8.916000e-14,1.000000,0.000000e+00
8004.0,6.893000e-14,1.000000,0.000000e+00
8006.0,4.796000e-14,1.000000,0.000000e+00
8008.0,2.634000e-14,1.000000,0.000000e+00
8010.0,4.974000e-15,1.000000,0.000000e+00
8012.0,8.151000e-16,1.000000,0.000000e+00
8014.0,8.302000e-16,1.000000,0.000000e+00
8016.0,8.453000e-16,1.000000,0.000000e+00
8018.0,8.679000e-16,1.000000,0.000000e+00
8020.0,8.906000e-16,1.000000,0.000000e+00
8022.0,9.132000e-16,1.000000,0.000000e+00
8024.0,9.358000e-16,1.000000,0.000000e+00
8026.0,9.660000e-16,1.000000,0.000000e+00
8028.0,1.004000e-15,1.000000,0.000000e+00
8030.0,1.057000e-15,1.000000,0.000000e+00
8032.0,1.125000e-15,1.000000,0.000000e+00
8034.0,1.200000e-15,1.000000,0.000000e+00
8036.0,1.291000e-15,1.000000,0.000000e+00
8038.0,1.389000e-15,1.000000,0.000000e+00
8040.0,6.595000e-15,1.000000,0.000000e+00
8042.0,2.605000e-14,1.000000,0.000000e+00
8044.0,4.954000e-14,1.000000,0.000000e+00
8046.0,7.688000e-14,1.000000,0.000000e+00
8048.0,1.083000e-13,1.000000,0.000000e+00
8050.0,1.441000e-13,1.000000,0.000000e+00
8052.0,1.841000e-13,1.000000,0.000000e+00
8054.0,2.286000e-13,1.000000,0.000000e+00
8056.0,2.772000e-13,1.000000,0.000000e+00
8058.0,3.294000e-13,1.000000,0.000000e+00
8060.0,3.845000e-13,1.000000,0.000000e+00
8062.0,4.415000e-13,1.000000,0.000000e+00
8064.0,4.993000e-13,1.000000,0.000000e+00
8066.0,5.575000e-13,1.000000,0.000000e+00
8068.0,6.175000e-13,1.000000,0.000000e+00
8070.0,6.813000e-13,1.000000,0.000000e+00
8072.0,7.524000e-13,1.000000,0.000000e+00
8074.0,8.335000e-13,1.000000,0.000000e+00
8076.0,9.256000e-13,1.000000,0.000000e+00
8078.0,1.029000e-12,1.000000,0.000000e+00
8080.0,1.141000e-12,1.000000,0.000000e+00
8082.0,1.253000e-12,1.000000,0.000000e+00
8084.0,1.358000e-12,1.000000,0.000000e+00
8086.0,1.460000e-12,1.000000,0.000000e+00
8088.0,1.561000e-12,1.000000,0.000000e+00
8090.0,1.663000e-12,1.000000,0.000000e+00
8092.0,1.770000e-12,1.000000,0.000000e+00
8094.0,1.884000e-12,1.000000,0.000000e+00
8096.0,2.005000e-12,1.000000,0.000000e+00
8098.0,2.136000e-12,1.000000,0.000000e+00
8100.0,2.276000e-12,1.000000,0.000000e+00
8102.0,2.426000e-12,1.000000,0.000000e+00
8104.0,2.585000e-12,1.000000,0.000000e+00
8106.0,2.750000e-12,1.000000,0.000000e+00
8108.0,2.918000e-12,1.000000,0.000000e+00
8110.0,3.082000e-12,1.000000,0.000000e+00
8112.0,3.243000e-12,1.000000,0.000000e+00
8114.0,3.398000e-12,1.000000,0.000000e+00
8116.0,3.558000e-12,1.000000,0.000000e+00
8118.0,3.735000e-12,1.000000,0.000000e+00
8120.0,3.947000e-12,1.000000,0.000000e+00
8122.0,4.208000e-12,1.000000,0.000000e+00
8124.0,4.525000e-12,1.000000,0.000000e+00
8126.0,4.897000e-12,1.000000,0.000000e+00
8128.0,5.316000e-12,1.000000,0.000000e+00
8130.0,5.752000e-12,1.000000,0.000000e+00
8132.0,6.174000e-12,1.000000,0.000000e+00
8134.0,6.589000e-12,1.000000,0.000000e+00
8136.0,7.013000e-12,1.000000,0.000000e+00
8138.0,7.462000e-12,1.000000,0.000000e+00
8140.0,7.957000e-12,1.000000,0.000000e+00
8142.0,8.518000e-12,1.000000,0.000000e+00
8144.0,9.167000e-12,1.000000,0.000000e+00
8146.0,9.929000e-12,1.000000,0.000000e+00
8148.0,1.082000e-11,1.000000,0.000000e+00
8150.0,1.187000e-11,1.000000,0.000000e+00
8152.0,1.309000e-11,1.000000,0.000000e+00
8154.0,1.449000e-11,1.000000,0.000000e+00
8156.0,1.607000e-11,1.000000,0.000000e+00
8158.0,1.782000e-11,1.000000,0.000000e+00
8160.0,1.972000e-11,1.000000,0.000000e+00
8162.0,2.172000e-11,1.000000,0.000000e+00
8164.0,2.376000e-11,1.000000,0.000000e+00
8166.0,2.578000e-11,1.000000,0.000000e+00
8168.0,2.771000e-11,1.000000,0.000000e+00
8170.0,2.956000e-11,1.000000,0.000000e+00
8172.0,3.140000e-11,1.000000,0.000000e+00
8174.0,3.336000e-11,1.000000,0.000000e+00
8176.0,3.556000e-11,1.000000,0.000000e+00
8178.0,3.809000e-11,1.000000,0.000000e+00
8180.0,4.093000e-11,1.000000,0.000000e+00
8182.0,4.398000e-11,1.000000,0.000000e+00
8184.0,4.703000e-11,1.000000,0.000000e+00
8186.0,4.986000e-11,1.000000,0.000000e+00
8188.0,5.188000e-11,1.000000,0.000000e+00
8190.0,5.313000e-11,1.000000,0.000000e+00
8192.0,5.366000e-11,1.000000,0.000000e+00
8194.0,5.352000e-11,1.000000,0.000000e+00
8196.0,5.277000e-11,1.000000,0.000000e+00
8198.0,5.147000e-11,1.000000,0.000000e+00
8200.0,4.970000e-11,1.000000,0.000000e+00
8202.0,4.753000e-11,1.000000,0.000000e+00
8204.0,4.503000e-11,1.000000,0.000000e+00
8206.0,4.228000e-11,1.000000,0.000000e+00
8208.0,3.936000e-11,1.000000,0.000000e+00
8210.0,3.631000e-11,1.000000,0.000000e+00
8212.0,3.316000e-11,1.000000,0.000000e+00
8214.0,2.993000e-11,1.000000,0.000000e+00
8216.0,2.661000e-11,1.000000,0.000000e+00
8218.0,2.317000e-11,1.000000,0.000000e+00
8220.0,1.961000e-11,1.000000,0.000000e+00
8222.0,1.604000e-11,1.000000,0.000000e+00
8224.0,1.264000e-11,1.000000,0.000000e+00
8226.0,9.610000e-12,1.000000,0.000000e+00
8228.0,7.158000e-12,1.000000,0.000000e+00
8230.0,5.460000e-12,1.000000,0.000000e+00
8232.0,4.584000e-12,1.000000,0.000000e+00
8234.0,4.502000e-12,1.000000,0.000000e+00
8236.0,5.024000e-12,1.000000,0.000000e+00
8238.0,5.734000e-12,1.000000,0.000000e+00
8240.0,6.605000e-12,1.000000,0.000000e+00
8242.0,7.649000e-12,1.000000,0.000000e+00
8244.0,8.877000e-12,1.000000,0.000000e+00
8246.0,1.031000e-11,1.000000,0.000000e+00
8248.0,1.195000e-11,1.000000,0.000000e+00
8250.0,1.382000e-11,1.000000,0.000000e+00
8252.0,1.593000e-11,1.000000,0.000000e+00
8254.0,1.828000e-11,1.000000,0.000000e+00
8256.0,2.090000e-11,1.000000,0.000000e+00
8258.0,2.377000e-11,1.000000,0.000000e+00
8260.0,2.691000e-11,1.000000,0.000000e+00
8262.0,3.027000e-11,1.000000,0.000000e+00
8264.0,3.380000e-11,1.000000,0.000000e+00
8266.0,3.740000e-11,1.000000,0.000000e+00
8268.0,4.095000e-11,1.000000,0.000000e+00
8270.0,4.430000e-11,1.000000,0.000000e+00
8272.0,4.743000e-11,1.000000,0.000000e+00
8274.0,5.043000e-11,1.000000,0.000000e+00
8276.0,5.352000e-11,1.000000,0.000000e+00
8278.0,5.687000e-11,1.000000,0.000000e+00
8280.0,6.059000e-11,1.000000,0.000000e+00
8282.0,6.473000e-11,1.000000,0.000000e+00
8284.0,6.903000e-11,1.000000,0.000000e+00
8286.0,7.342000e-11,1.000000,0.000000e+00
8288.0,7.661000e-11,1.000000,0.000000e+00
8290.0,7.866000e-11,1.000000,0.000000e+00
8292.0,7.963000e-11,1.000000,0.000000e+00
8294.0,7.959000e-11,1.000000,0.000000e+00
8296.0,7.862000e-11,1.000000,0.000000e+00
8298.0,7.683000e-11,1.000000,0.000000e+00
8300.0,7.428000e-11,1.000000,0.000000e+00
8302.0,7.108000e-11,1.000000,0.000000e+00
8304.0,6.733000e-11,1.000000,0.000000e+00
8306.0,6.313000e-11,1.000000,0.000000e+00
8308.0,5.862000e-11,1.000000,0.000000e+00
8310.0,5.389000e-11,1.000000,0.000000e+00
8312.0,4.904000e-11,1.000000,0.000000e+00
8314.0,4.412000e-11,1.000000,0.000000e+00
8316.0,3.915000e-11,1.000000,0.000000e+00
8318.0,3.410000e-11,1.000000,0.000000e+00
8320.0,2.889000e-11,1.000000,0.000000e+00
8322.0,2.350000e-11,1.000000,0.000000e+00
8324.0,1.814000e-11,1.000000,0.000000e+00
8326.0,1.303000e-11,1.000000,0.000000e+00
8328.0,8.549000e-12,1.000000,0.000000e+00
8330.0,4.950000e-12,1.000000,0.000000e+00
8332.0,2.450000e-12,1.000000,0.000000e+00
8334.0,1.118000e-12,1.000000,0.000000e+00
8336.0,8.048000e-13,1.000000,0.000000e+00
8338.0,6.484000e-13,1.000000,0.000000e+00
8340.0,5.257000e-13,1.000000,0.000000e+00
8342.0,4.281000e-13,1.000000,0.000000e+00
8344.0,3.496000e-13,1.000000,0.000000e+00
8346.0,2.858000e-13,1.000000,0.000000e+00
8348.0,2.334000e-13,1.000000,0.000000e+00
8350.0,1.900000e-13,1.000000,0.000000e+00
8352.0,1.538000e-13,1.000000,0.000000e+00
8354.0,1.235000e-13,1.000000,0.000000e+00
8356.0,9.783000e-14,1.000000,0.000000e+00
8358.0,7.609000e-14,1.000000,0.000000e+00
8360.0,5.762000e-14,1.000000,0.000000e+00
8362.0,4.193000e-14,1.000000,0.000000e+00
8364.0,2.872000e-14,1.000000,0.000000e+00
8366.0,1.785000e-14,1.000000,0.000000e+00
8368.0,9.478000e-15,1.000000,0.000000e+00
8370.0,6.702000e-15,1.000000,0.000000e+00
8372.0,6.045000e-15,1.000000,0.000000e+00
8374.0,5.502000e-15,1.000000,0.000000e+00
8376.0,5.034000e-15,1.000000,0.000000e+00
8378.0,4.611000e-15,1.000000,0.000000e+00
8380.0,4.219000e-15,1.000000,0.000000e+00
8382.0,3.857000e-15,1.000000,0.000000e+00
8384.0,3.547000e-15,1.000000,0.000000e+00
8386.0,3.268000e-15,1.000000,0.000000e+00
8388.0,3.019000e-15,1.000000,0.000000e+00
8390.0,2.792000e-15,1.000000,0.000000e+00
8392.0,2.574000e-15,1.000000,0.000000e+00
8394.0,2.385000e-15,1.000000,0.000000e+00
8396.0,2.219000e-15,1.000000,0.000000e+00
8398.0,2.060000e-15,1.000000,0.000000e+00
8400.0,1.917000e-15,1.000000,0.000000e+00
8402.0,1.781000e-15,1.000000,0.000000e+00
8404.0,1.660000e-15,1.000000,0.000000e+00
8406.0,1.555000e-15,1.000000,0.000000e+00
8408.0,1.457000e-15,1.000000,0.000000e+00
8410.0,1.358000e-15,1.000000,0.000000e+00
8412.0,1.268000e-15,1.000000,0.000000e+00
8414.0,1.192000e-15,1.000000,0.000000e+00
8416.0,1.117000e-15,1.000000,0.000000e+00
8418.0,1.049000e-15,1.000000,0.000000e+00
8420.0,9.887000e-16,1.000000,0.000000e+00
8422.0,9.283000e-16,1.000000,0.000000e+00
8424.0,8.755000e-16,1.000000,0.000000e+00
8426.0,8.226000e-16,1.000000,0.000000e+00
8428.0,7.774000e-16,1.000000,0.000000e+00
8430.0,7.343000e-16,1.000000,0.000000e+00
8432.0,6.928000e-16,1.000000,0.000000e+00
8434.0,6.551000e-16,1.000000,0.000000e+00
8436.0,6.204000e-16,1.000000,0.000000e+00
8438.0,5.872000e-16,1.000000,0.000000e+00
8440.0,5.562000e-16,1.000000,0.000000e+00
8442.0,5.268000e-16,1.000000,0.000000e+00
8444.0,4.996000e-16,1.000000,0.000000e+00
8446.0,4.740000e-16,1.000000,0.000000e+00
8448.0,4.506000e-16,1.000000,0.000000e+00
8450.0,4.279000e-16,1.000000,0.000000e+00
8452.0,4.060000e-16,1.000000,0.000000e+00
8454.0,3.864000e-16,1.000000,0.000000e+00
8456.0,3.675000e-16,1.000000,0.000000e+00
8458.0,3.502000e-16,1.000000,0.000000e+00
8460.0,3.336000e-16,1.000000,0.000000e+00
8462.0,3.177000e-16,1.000000,0.000000e+00
8464.0,3.026000e-16,1.000000,0.000000e+00
8466.0,2.891000e-16,1.000000,0.000000e+00
8468.0,2.762000e-16,1.000000,0.000000e+00
8470.0,2.634000e-16,1.000000,0.000000e+00
8472.0,2.513000e-16,1.000000,0.000000e+00
8474.0,2.400000e-16,1.000000,0.000000e+00
8476.0,2.302000e-16,1.000000,0.000000e+00
8478.0,2.196000e-16,1.000000,0.000000e+00
8480.0,2.106000e-16,1.000000,0.000000e+00
8482.0,2.015000e-16,1.000000,0.000000e+00
8484.0,1.925000e-16,1.000000,0.000000e+00
8486.0,1.849000e-16,1.000000,0.000000e+00
8488.0,1.766000e-16,1.000000,0.000000e+00
8490.0,1.698000e-16,1.000000,0.000000e+00
8492.0,1.623000e-16,1.000000,0.000000e+00
8494.0,1.562000e-16,1.000000,0.000000e+00
8496.0,1.494000e-16,1.000000,0.000000e+00
8498.0,1.434000e-16,1.000000,0.000000e+00
8500.0,1.381000e-16,1.000000,0.000000e+00
8502.0,1.321000e-16,1.000000,0.000000e+00
8504.0,1.275000e-16,1.000000,0.000000e+00
8506.0,1.223000e-16,1.000000,0.000000e+00
8508.0,1.177000e-16,1.000000,0.000000e+00
8510.0,1.132000e-16,1.000000,0.000000e+00
8512.0,1.087000e-16,1.000000,0.000000e+00
8514.0,1.049000e-16,1.000000,0.000000e+00
8516.0,1.004000e-16,1.000000,0.000000e+00
8518.0,9.660000e-17,1.000000,0.000000e+00
8520.0,9.358000e-17,1.000000,0.000000e+00
8522.0,8.981000e-17,1.000000,0.000000e+00
8524.0,8.679000e-17,1.000000,0.000000e+00
8526.0,8.377000e-17,1.000000,0.000000e+00
8528.0,8.075000e-17,1.000000,0.000000e+00
8530.0,7.774000e-17,1.000000,0.000000e+00
8532.0,7.479000e-17,1.000000,0.000000e+00
8534.0,7.215000e-17,1.000000,0.000000e+00
8536.0,6.966000e-17,1.000000,0.000000e+00
8538.0,6.725000e-17,1.000000,0.000000e+00
8540.0,6.491000e-17,1.000000,0.000000e+00
8542.0,6.264000e-17,1.000000,0.000000e+00
8544.0,6.053000e-17,1.000000,0.000000e+00
8546.0,5.849000e-17,1.000000,0.000000e+00
8548.0,5.653000e-17,1.000000,0.000000e+00
8550.0,5.457000e-17,1.000000,0.000000e+00
8552.0,5.275000e-17,1.000000,0.000000e+00
8554.0,5.102000e-17,1.000000,0.000000e+00
8556.0,4.936000e-17,1.000000,0.000000e+00
8558.0,4.777000e-17,1.000000,0.000000e+00
8560.0,4.619000e-17,1.000000,0.000000e+00
8562.0,4.468000e-17,1.000000,0.000000e+00
8564.0,4.325000e-17,1.000000,0.000000e+00
8566.0,4.189000e-17,1.000000,0.000000e+00
8568.0,4.053000e-17,1.000000,0.000000e+00
8570.0,3.925000e-17,1.000000,0.000000e+00
8572.0,3.804000e-17,1.000000,0.000000e+00
8574.0,3.683000e-17,1.000000,0.000000e+00
8576.0,3.570000e-17,1.000000,0.000000e+00
8578.0,3.457000e-17,1.000000,0.000000e+00
8580.0,3.351000e-17,1.000000,0.000000e+00
8582.0,3.245000e-17,1.000000,0.000000e+00
8584.0,3.147000e-17,1.000000,0.000000e+00
8586.0,3.057000e-17,1.000000,0.000000e+00
8588.0,2.958000e-17,1.000000,0.000000e+00
8590.0,2.875000e-17,1.000000,0.000000e+00
8592.0,2.785000e-17,1.000000,0.000000e+00
8594.0,2.702000e-17,1.000000,0.000000e+00
8596.0,2.626000e-17,1.000000,0.000000e+00
8598.0,2.551000e-17,1.000000,0.000000e+00
8600.0,2.475000e-17,1.000000,0.000000e+00
8602.0,2.400000e-17,1.000000,0.000000e+00
8604.0,2.332000e-17,1.000000,0.000000e+00
8606.0,2.264000e-17,1.000000,0.000000e+00
8608.0,2.196000e-17,1.000000,0.000000e+00
8610.0,2.136000e-17,1.000000,0.000000e+00
8612.0,2.075000e-17,1.000000,0.000000e+00
8614.0,2.015000e-17,1.000000,0.000000e+00
8616.0,1.962000e-17,1.000000,0.000000e+00
8618.0,1.902000e-17,1.000000,0.000000e+00
8620.0,1.849000e-17,1.000000,0.000000e+00
8622.0,1.804000e-17,1.000000,0.000000e+00
8624.0,1.751000e-17,1.000000,0.000000e+00
8626.0,1.706000e-17,1.000000,0.000000e+00
8628.0,1.660000e-17,1.000000,0.000000e+00
8630.0,1.615000e-17,1.000000,0.000000e+00
8632.0,1.570000e-17,1.000000,0.000000e+00
8634.0,1.525000e-17,1.000000,0.000000e+00
8636.0,1.487000e-17,1.000000,0.000000e+00
8638.0,1.442000e-17,1.000000,0.000000e+00
8640.0,1.404000e-17,1.000000,0.000000e+00
8642.0,1.366000e-17,1.000000,0.000000e+00
8644.0,1.336000e-17,1.000000,0.000000e+00
8646.0,1.298000e-17,1.000000,0.000000e+00
8648.0,1.260000e-17,1.000000,0.000000e+00
8650.0,1.230000e-17,1.000000,0.000000e+00
8652.0,1.200000e-17,1.000000,0.000000e+00
8654.0,1.170000e-17,1.000000,0.000000e+00
8656.0,1.140000e-17,1.000000,0.000000e+00
8658.0,1.109000e-17,1.000000,0.000000e+00
8660.0,1.079000e-17,1.000000,0.000000e+00
8662.0,1.057000e-17,1.000000,0.000000e+00
8664.0,1.026000e-17,1.000000,0.000000e+00
8666.0,1.004000e-17,1.000000,0.000000e+00
8668.0,9.736000e-18,1.000000,0.000000e+00
8670.0,9.509000e-18,1.000000,0.000000e+00
8672.0,9.283000e-18,1.000000,0.000000e+00
8674.0,9.057000e-18,1.000000,0.000000e+00
8676.0,8.830000e-18,1.000000,0.000000e+00
8678.0,8.604000e-18,1.000000,0.000000e+00
8680.0,8.377000e-18,1.000000,0.000000e+00
8682.0,8.226000e-18,1.000000,0.000000e+00
8684.0,8.000000e-18,1.000000,0.000000e+00
8686.0,7.774000e-18,1.000000,0.000000e+00
8688.0,7.623000e-18,1.000000,0.000000e+00
8690.0,7.419000e-18,1.000000,0.000000e+00
8692.0,7.245000e-18,1.000000,0.000000e+00
8694.0,7.072000e-18,1.000000,0.000000e+00
8696.0,6.906000e-18,1.000000,0.000000e+00
8698.0,6.740000e-18,1.000000,0.000000e+00
8700.0,6.581000e-18,1.000000,0.000000e+00
8702.0,6.423000e-18,1.000000,0.000000e+00
8704.0,6.279000e-18,1.000000,0.000000e+00
8706.0,6.128000e-18,1.000000,0.000000e+00
8708.0,5.985000e-18,1.000000,0.000000e+00
8710.0,5.849000e-18,1.000000,0.000000e+00
8712.0,5.713000e-18,1.000000,0.000000e+00
8714.0,5.585000e-18,1.000000,0.000000e+00
8716.0,5.457000e-18,1.000000,0.000000e+00
8718.0,5.328000e-18,1.000000,0.000000e+00
8720.0,5.208000e-18,1.000000,0.000000e+00
8722.0,5.087000e-18,1.000000,0.000000e+00
8724.0,4.974000e-18,1.000000,0.000000e+00
8726.0,4.860000e-18,1.000000,0.000000e+00
8728.0,4.755000e-18,1.000000,0.000000e+00
8730.0,4.649000e-18,1.000000,0.000000e+00
8732.0,4.543000e-18,1.000000,0.000000e+00
8734.0,4.445000e-18,1.000000,0.000000e+00
8736.0,4.347000e-18,1.000000,0.000000e+00
8738.0,4.249000e-18,1.000000,0.000000e+00
8740.0,4.158000e-18,1.000000,0.000000e+00
8742.0,4.068000e-18,1.000000,0.000000e+00
8744.0,3.977000e-18,1.000000,0.000000e+00
8746.0,3.887000e-18,1.000000,0.000000e+00
8748.0,3.804000e-18,1.000000,0.000000e+00
8750.0,3.721000e-18,1.000000,0.000000e+00
8752.0,3.645000e-18,1.000000,0.000000e+00
8754.0,3.562000e-18,1.000000,0.000000e+00
8756.0,3.487000e-18,1.000000,0.000000e+00
8758.0,3.411000e-18,1.000000,0.000000e+00
8760.0,3.343000e-18,1.000000,0.000000e+00
8762.0,3.268000e-18,1.000000,0.000000e+00
8764.0,3.200000e-18,1.000000,0.000000e+00
8766.0,3.132000e-18,1.000000,0.000000e+00
8768.0,3.072000e-18,1.000000,0.000000e+00
8770.0,3.004000e-18,1.000000,0.000000e+00
8772.0,2.943000e-18,1.000000,0.000000e+00
8774.0,2.883000e-18,1.000000,0.000000e+00
8776.0,2.823000e-18,1.000000,0.000000e+00
8778.0,2.762000e-18,1.000000,0.000000e+00
8780.0,2.709000e-18,1.000000,0.000000e+00
8782.0,2.649000e-18,1.000000,0.000000e+00
8784.0,2.596000e-18,1.000000,0.000000e+00
8786.0,2.543000e-18,1.000000,0.000000e+00
8788.0,2.491000e-18,1.000000,0.000000e+00
8790.0,2.445000e-18,1.000000,0.000000e+00
8792.0,2.392000e-18,1.000000,0.000000e+00
8794.0,2.347000e-18,1.000000,0.000000e+00
8796.0,2.302000e-18,1.000000,0.000000e+00
8798.0,2.257000e-18,1.000000,0.000000e+00
8800.0,2.211000e-18,1.000000,0.000000e+00
8802.0,2.166000e-18,1.000000,0.000000e+00
8804.0,2.121000e-18,1.000000,0.000000e+00
8806.0,2.083000e-18,1.000000,0.000000e+00
8808.0,2.038000e-18,1.000000,0.000000e+00
8810.0,2.000000e-18,1.000000,0.000000e+00
8812.0,1.962000e-18,1.000000,0.000000e+00
8814.0,1.925000e-18,1.000000,0.000000e+00
8816.0,1.887000e-18,1.000000,0.000000e+00
8818.0,1.849000e-18,1.000000,0.000000e+00
8820.0,1.811000e-18,1.000000,0.000000e+00
8822.0,1.781000e-18,1.000000,0.000000e+00
8824.0,1.743000e-18,1.000000,0.000000e+00
8826.0,1.713000e-18,1.000000,0.000000e+00
8828.0,1.683000e-18,1.000000,0.000000e+00
8830.0,1.645000e-18,1.000000,0.000000e+00
8832.0,1.615000e-18,1.000000,0.000000e+00
8834.0,1.585000e-18,1.000000,0.000000e+00
8836.0,1.555000e-18,1.000000,0.000000e+00
8838.0,1.525000e-18,1.000000,0.000000e+00
8840.0,1.502000e-18,1.000000,0.000000e+00
8842.0,1.472000e-18,1.000000,0.000000e+00
8844.0,1.442000e-18,1.000000,0.000000e+00
8846.0,1.419000e-18,1.000000,0.000000e+00
8848.0,1.389000e-18,1.000000,0.000000e+00
8850.0,1.366000e-18,1.000000,0.000000e+00
8852.0,1.343000e-18,1.000000,0.000000e+00
8854.0,1.321000e-18,1.000000,0.000000e+00
8856.0,1.291000e-18,1.000000,0.000000e+00
8858.0,1.268000e-18,1.000000,0.000000e+00
8860.0,1.245000e-18,1.000000,0.000000e+00
8862.0,1.223000e-18,1.000000,0.000000e+00
8864.0,1.208000e-18,1.000000,0.000000e+00
8866.0,1.185000e-18,1.000000,0.000000e+00
8868.0,1.162000e-18,1.000000,0.000000e+00
8870.0,1.140000e-18,1.000000,0.000000e+00
8872.0,1.125000e-18,1.000000,0.000000e+00
8874.0,1.102000e-18,1.000000,0.000000e+00
8876.0,1.087000e-18,1.000000,0.000000e+00
8878.0,1.064000e-18,1.000000,0.000000e+00
8880.0,1.049000e-18,1.000000,0.000000e+00
8882.0,1.026000e-18,1.000000,0.000000e+00
8884.0,1.011000e-18,1.000000,0.000000e+00
8886.0,9.962000e-19,1.000000,0.000000e+00
8888.0,9.811000e-19,1.000000,0.000000e+00
8890.0,9.585000e-19,1.000000,0.000000e+00
8892.0,9.434000e-19,1.000000,0.000000e+00
8894.0,9.283000e-19,1.000000,0.000000e+00
8896.0,9.132000e-19,1.000000,0.000000e+00
8898.0,8.981000e-19,1.000000,0.000000e+00
8900.0,8.830000e-19,1.000000,0.000000e+00
8902.0,8.679000e-19,1.000000,0.000000e+00
8904.0,8.604000e-19,1.000000,0.000000e+00
8906.0,8.453000e-19,1.000000,0.000000e+00
8908.0,8.302000e-19,1.000000,0.000000e+00
8910.0,8.151000e-19,1.000000,0.000000e+00
8912.0,8.075000e-19,1.000000,0.000000e+00
8914.0,7.925000e-19,1.000000,0.000000e+00
8916.0,7.774000e-19,1.000000,0.000000e+00
8918.0,7.698000e-19,1.000000,0.000000e+00
8920.0,7.547000e-19,1.000000,0.000000e+00
8922.0,7.442000e-19,1.000000,0.000000e+00
8924.0,7.328000e-19,1.000000,0.000000e+00
8926.0,7.215000e-19,1.000000,0.000000e+00
8928.0,7.109000e-19,1.000000,0.000000e+00
8930.0,7.011000e-19,1.000000,0.000000e+00
8932.0,6.906000e-19,1.000000,0.000000e+00
8934.0,6.808000e-19,1.000000,0.000000e+00
8936.0,6.709000e-19,1.000000,0.000000e+00
8938.0,6.611000e-19,1.000000,0.000000e+00
8940.0,6.521000e-19,1.000000,0.000000e+00
8942.0,6.430000e-19,1.000000,0.000000e+00
8944.0,6.340000e-19,1.000000,0.000000e+00
8946.0,6.257000e-19,1.000000,0.000000e+00
8948.0,6.174000e-19,1.000000,0.000000e+00
8950.0,6.091000e-19,1.000000,0.000000e+00
8952.0,6.008000e-19,1.000000,0.000000e+00
8954.0,5.932000e-19,1.000000,0.000000e+00
8956.0,5.857000e-19,1.000000,0.000000e+00
8958.0,5.781000e-19,1.000000,0.000000e+00
8960.0,5.706000e-19,1.000000,0.000000e+00
8962.0,5.638000e-19,1.000000,0.000000e+00
8964.0,5.570000e-19,1.000000,0.000000e+00
8966.0,5.502000e-19,1.000000,0.000000e+00
8968.0,5.442000e-19,1.000000,0.000000e+00
8970.0,5.374000e-19,1.000000,0.000000e+00
8972.0,5.313000e-19,1.000000,0.000000e+00
8974.0,5.253000e-19,1.000000,0.000000e+00
8976.0,5.200000e-19,1.000000,0.000000e+00
8978.0,5.140000e-19,1.000000,0.000000e+00
8980.0,5.087000e-19,1.000000,0.000000e+00
8982.0,5.034000e-19,1.000000,0.000000e+00
8984.0,4.981000e-19,1.000000,0.000000e+00
8986.0,4.936000e-19,1.000000,0.000000e+00
8988.0,4.891000e-19,1.000000,0.000000e+00
8990.0,4.845000e-19,1.000000,0.000000e+00
8992.0,4.800000e-19,1.000000,0.000000e+00
8994.0,4.755000e-19,1.000000,0.000000e+00
8996.0,4.717000e-19,1.000000,0.000000e+00
8998.0,4.679000e-19,1.000000,0.000000e+00
9000.0,4.642000e-19,1.000000,0.000000e+00
9002.0,4.604000e-19,1.000000,0.000000e+00
9004.0,4.566000e-19,1.000000,0.000000e+00
9006.0,4.536000e-19,1.000000,0.000000e+00
9008.0,4.506000e-19,1.000000,0.000000e+00
9010.0,4.475000e-19,1.000000,0.000000e+00
9012.0,4.445000e-19,1.000000,0.000000e+00
9014.0,4.423000e-19,1.000000,0.000000e+00
9016.0,4.400000e-19,1.000000,0.000000e+00
9018.0,4.370000e-19,1.000000,0.000000e+00
9020.0,4.355000e-19,1.000000,0.000000e+00
9022.0,4.332000e-19,1.000000,0.000000e+00
9024.0,4.317000e-19,1.000000,0.000000e+00
9026.0,4.294000e-19,1.000000,0.000000e+00
9028.0,4.287000e-19,1.000000,0.000000e+00
9030.0,4.272000e-19,1.000000,0.000000e+00
9032.0,4.257000e-19,1.000000,0.000000e+00
9034.0,4.249000e-19,1.000000,0.000000e+00
9036.0,4.242000e-19,1.000000,0.000000e+00
9038.0,4.234000e-19,1.000000,0.000000e+00
9040.0,4.234000e-19,1.000000,0.000000e+00
9042.0,4.226000e-19,1.000000,0.000000e+00
9044.0,4.226000e-19,1.000000,0.000000e+00
9046.0,4.226000e-19,1.000000,0.000000e+00
9048.0,4.234000e-19,1.000000,0.000000e+00
9050.0,4.234000e-19,1.000000,0.000000e+00
9052.0,4.242000e-19,1.000000,0.000000e+00
9054.0,4.249000e-19,1.000000,0.000000e+00
9056.0,4.264000e-19,1.000000,0.000000e+00
9058.0,4.272000e-19,1.000000,0.000000e+00
9060.0,4.287000e-19,1.000000,0.000000e+00
9062.0,4.302000e-19,1.000000,0.000000e+00
9064.0,4.325000e-19,1.000000,0.000000e+00
9066.0,4.347000e-19,1.000000,0.000000e+00
9068.0,4.370000e-19,1.000000,0.000000e+00
9070.0,4.392000e-19,1.000000,0.000000e+00
9072.0,4.423000e-19,1.000000,0.000000e+00
9074.0,4.453000e-19,1.000000,0.000000e+00
9076.0,4.483000e-19,1.000000,0.000000e+00
9078.0,4.521000e-19,1.000000,0.000000e+00
9080.0,4.558000e-19,1.000000,0.000000e+00
9082.0,4.596000e-19,1.000000,0.000000e+00
9084.0,4.642000e-19,1.000000,0.000000e+00
9086.0,4.687000e-19,1.000000,0.000000e+00
9088.0,4.732000e-19,1.000000,0.000000e+00
9090.0,4.785000e-19,1.000000,0.000000e+00
9092.0,4.838000e-19,1.000000,0.000000e+00
9094.0,4.898000e-19,1.000000,0.000000e+00
9096.0,4.958000e-19,1.000000,0.000000e+00
9098.0,5.026000e-19,1.000000,0.000000e+00
9100.0,5.094000e-19,1.000000,0.000000e+00
9102.0,5.162000e-19,1.000000,0.000000e+00
9104.0,5.238000e-19,1.000000,0.000000e+00
9106.0,5.313000e-19,1.000000,0.000000e+00
9108.0,5.396000e-19,1.000000,0.000000e+00
9110.0,5.487000e-19,1.000000,0.000000e+00
9112.0,5.577000e-19,1.000000,0.000000e+00
9114.0,5.668000e-19,1.000000,0.000000e+00
9116.0,5.774000e-19,1.000000,0.000000e+00
9118.0,5.872000e-19,1.000000,0.000000e+00
9120.0,5.985000e-19,1.000000,0.000000e+00
9122.0,6.098000e-19,1.000000,0.000000e+00
9124.0,6.219000e-19,1.000000,0.000000e+00
9126.0,6.347000e-19,1.000000,0.000000e+00
9128.0,6.475000e-19,1.000000,0.000000e+00
9130.0,6.611000e-19,1.000000,0.000000e+00
9132.0,6.755000e-19,1.000000,0.000000e+00
9134.0,6.906000e-19,1.000000,0.000000e+00
9136.0,7.064000e-19,1.000000,0.000000e+00
9138.0,7.223000e-19,1.000000,0.000000e+00
9140.0,7.396000e-19,1.000000,0.000000e+00
9142.0,7.547000e-19,1.000000,0.000000e+00
9144.0,7.774000e-19,1.000000,0.000000e+00
9146.0,7.925000e-19,1.000000,0.000000e+00
9148.0,8.151000e-19,1.000000,0.000000e+00
9150.0,8.377000e-19,1.000000,0.000000e+00
9152.0,8.604000e-19,1.000000,0.000000e+00
9154.0,8.830000e-19,1.000000,0.000000e+00
9156.0,9.057000e-19,1.000000,0.000000e+00
9158.0,9.283000e-19,1.000000,0.000000e+00
9160.0,9.585000e-19,1.000000,0.000000e+00
9162.0,9.887000e-19,1.000000,0.000000e+00
9164.0,1.011000e-18,1.000000,0.000000e+00
9166.0,1.042000e-18,1.000000,0.000000e+00
9168.0,1.072000e-18,1.000000,0.000000e+00
9170.0,1.109000e-18,1.000000,0.000000e+00
9172.0,1.140000e-18,1.000000,0.000000e+00
9174.0,1.177000e-18,1.000000,0.000000e+00
9176.0,1.215000e-18,1.000000,0.000000e+00
9178.0,1.253000e-18,1.000000,0.000000e+00
9180.0,1.298000e-18,1.000000,0.000000e+00
9182.0,1.343000e-18,1.000000,0.000000e+00
9184.0,1.389000e-18,1.000000,0.000000e+00
9186.0,1.434000e-18,1.000000,0.000000e+00
9188.0,1.479000e-18,1.000000,0.000000e+00
9190.0,1.532000e-18,1.000000,0.000000e+00
9192.0,1.592000e-18,1.000000,0.000000e+00
9194.0,1.645000e-18,1.000000,0.000000e+00
9196.0,1.706000e-18,1.000000,0.000000e+00
9198.0,1.774000e-18,1.000000,0.000000e+00
9200.0,1.842000e-18,1.000000,0.000000e+00
9202.0,1.909000e-18,1.000000,0.000000e+00
9204.0,1.985000e-18,1.000000,0.000000e+00
9206.0,2.060000e-18,1.000000,0.000000e+00
9208.0,2.143000e-18,1.000000,0.000000e+00
9210.0,2.226000e-18,1.000000,0.000000e+00
9212.0,2.325000e-18,1.000000,0.000000e+00
9214.0,2.423000e-18,1.000000,0.000000e+00
9216.0,2.521000e-18,1.000000,0.000000e+00
9218.0,2.634000e-18,1.000000,0.000000e+00
9220.0,2.747000e-18,1.000000,0.000000e+00
9222.0,2.868000e-18,1.000000,0.000000e+00
9224.0,3.004000e-18,1.000000,0.000000e+00
9226.0,3.132000e-18,1.000000,0.000000e+00
9228.0,3.283000e-18,1.000000,0.000000e+00
9230.0,3.434000e-18,1.000000,0.000000e+00
9232.0,3.600000e-18,1.000000,0.000000e+00
9234.0,3.774000e-18,1.000000,0.000000e+00
9236.0,3.955000e-18,1.000000,0.000000e+00
9238.0,4.151000e-18,1.000000,0.000000e+00
9240.0,4.362000e-18,1.000000,0.000000e+00
9242.0,4.589000e-18,1.000000,0.000000e+00
9244.0,4.823000e-18,1.000000,0.000000e+00
9246.0,5.072000e-18,1.000000,0.000000e+00
9248.0,5.343000e-18,1.000000,0.000000e+00
9250.0,5.638000e-18,1.000000,0.000000e+00
9252.0,5.947000e-18,1.000000,0.000000e+00
9254.0,6.279000e-18,1.000000,0.000000e+00
9256.0,6.634000e-18,1.000000,0.000000e+00
9258.0,7.011000e-18,1.000000,0.000000e+00
9260.0,7.434000e-18,1.000000,0.000000e+00
9262.0,7.925000e-18,1.000000,0.000000e+00
9264.0,8.377000e-18,1.000000,0.000000e+00
9266.0,8.906000e-18,1.000000,0.000000e+00
9268.0,9.434000e-18,1.000000,0.000000e+00
9270.0,1.004000e-17,1.000000,0.000000e+00
9272.0,1.072000e-17,1.000000,0.000000e+00
9274.0,1.147000e-17,1.000000,0.000000e+00
9276.0,1.223000e-17,1.000000,0.000000e+00
9278.0,1.306000e-17,1.000000,0.000000e+00
9280.0,1.404000e-17,1.000000,0.000000e+00
9282.0,1.509000e-17,1.000000,0.000000e+00
9284.0,1.615000e-17,1.000000,0.000000e+00
9286.0,1.736000e-17,1.000000,0.000000e+00
9288.0,1.872000e-17,1.000000,0.000000e+00
9290.0,2.030000e-17,1.000000,0.000000e+00
9292.0,2.204000e-17,1.000000,0.000000e+00
9294.0,2.377000e-17,1.000000,0.000000e+00
9296.0,2.581000e-17,1.000000,0.000000e+00
9298.0,2.815000e-17,1.000000,0.000000e+00
9300.0,3.094000e-17,1.000000,0.000000e+00
9302.0,3.389000e-17,1.000000,0.000000e+00
9304.0,3.706000e-17,1.000000,0.000000e+00
9306.0,4.068000e-17,1.000000,0.000000e+00
9308.0,4.498000e-17,1.000000,0.000000e+00
9310.0,5.042000e-17,1.000000,0.000000e+00
9312.0,5.638000e-17,1.000000,0.000000e+00
9314.0,6.279000e-17,1.000000,0.000000e+00
9316.0,7.019000e-17,1.000000,0.000000e+00
9318.0,7.925000e-17,1.000000,0.000000e+00
9320.0,9.132000e-17,1.000000,0.000000e+00
9322.0,1.049000e-16,1.000000,0.000000e+00
9324.0,1.208000e-16,1.000000,0.000000e+00
9326.0,1.389000e-16,1.000000,0.000000e+00
9328.0,1.592000e-16,1.000000,0.000000e+00
9330.0,1.811000e-16,1.000000,0.000000e+00
9332.0,2.060000e-16,1.000000,0.000000e+00
9334.0,2.340000e-16,1.000000,0.000000e+00
9336.0,2.634000e-16,1.000000,0.000000e+00
9338.0,2.943000e-16,1.000000,0.000000e+00
9340.0,3.260000e-16,1.000000,0.000000e+00
9342.0,3.600000e-16,1.000000,0.000000e+00
9344.0,3.955000e-16,1.000000,0.000000e+00
9346.0,4.309000e-16,1.000000,0.000000e+00
9348.0,1.103000e-14,1.000000,0.000000e+00
9350.0,2.506000e-14,1.000000,0.000000e+00
9352.0,4.104000e-14,1.000000,0.000000e+00
9354.0,5.874000e-14,1.000000,0.000000e+00
9356.0,7.793000e-14,1.000000,0.000000e+00
9358.0,9.821000e-14,1.000000,0.000000e+00
9360.0,1.190000e-13,1.000000,0.000000e+00
9362.0,1.397000e-13,1.000000,0.000000e+00
9364.0,1.596000e-13,1.000000,0.000000e+00
9366.0,1.784000e-13,1.000000,0.000000e+00
9368.0,1.965000e-13,1.000000,0.000000e+00
9370.0,2.147000e-13,1.000000,0.000000e+00
9372.0,2.340000e-13,1.000000,0.000000e+00
9374.0,2.551000e-13,1.000000,0.000000e+00
9376.0,2.783000e-13,1.000000,0.000000e+00
9378.0,3.032000e-13,1.000000,0.000000e+00
9380.0,3.282000e-13,1.000000,0.000000e+00
9382.0,3.517000e-13,1.000000,0.000000e+00
9384.0,3.712000e-13,1.000000,0.000000e+00
9386.0,3.839000e-13,1.000000,0.000000e+00
9388.0,3.902000e-13,1.000000,0.000000e+00
9390.0,3.907000e-13,1.000000,0.000000e+00
9392.0,3.857000e-13,1.000000,0.000000e+00
9394.0,3.758000e-13,1.000000,0.000000e+00
9396.0,3.617000e-13,1.000000,0.000000e+00
9398.0,3.440000e-13,1.000000,0.000000e+00
9400.0,3.234000e-13,1.000000,0.000000e+00
9402.0,3.005000e-13,1.000000,0.000000e+00
9404.0,2.758000e-13,1.000000,0.000000e+00
9406.0,2.500000e-13,1.000000,0.000000e+00
9408.0,2.232000e-13,1.000000,0.000000e+00
9410.0,1.957000e-13,1.000000,0.000000e+00
9412.0,1.672000e-13,1.000000,0.000000e+00
9414.0,1.376000e-13,1.000000,0.000000e+00
9416.0,1.068000e-13,1.000000,0.000000e+00
9418.0,7.534000e-14,1.000000,0.000000e+00
9420.0,4.448000e-14,1.000000,0.000000e+00
9422.0,1.646000e-14,1.000000,0.000000e+00
9424.0,7.117000e-16,1.000000,0.000000e+00
9426.0,6.853000e-16,1.000000,0.000000e+00
9428.0,6.611000e-16,1.000000,0.000000e+00
9430.0,6.423000e-16,1.000000,0.000000e+00
9432.0,6.242000e-16,1.000000,0.000000e+00
9434.0,6.060000e-16,1.000000,0.000000e+00
9436.0,5.925000e-16,1.000000,0.000000e+00
9438.0,5.887000e-16,1.000000,0.000000e+00
9440.0,6.008000e-16,1.000000,0.000000e+00
9442.0,6.279000e-16,1.000000,0.000000e+00
9444.0,6.679000e-16,1.000000,0.000000e+00
9446.0,7.192000e-16,1.000000,0.000000e+00
9448.0,7.849000e-16,1.000000,0.000000e+00
9450.0,8.604000e-16,1.000000,0.000000e+00
9452.0,9.434000e-16,1.000000,0.000000e+00
9454.0,1.237000e-14,1.000000,0.000000e+00
9456.0,2.704000e-14,1.000000,0.000000e+00
9458.0,4.486000e-14,1.000000,0.000000e+00
9460.0,6.621000e-14,1.000000,0.000000e+00
9462.0,9.162000e-14,1.000000,0.000000e+00
9464.0,1.215000e-13,1.000000,0.000000e+00
9466.0,1.567000e-13,1.000000,0.000000e+00
9468.0,1.979000e-13,1.000000,0.000000e+00
9470.0,2.458000e-13,1.000000,0.000000e+00
9472.0,3.012000e-13,1.000000,0.000000e+00
9474.0,3.647000e-13,1.000000,0.000000e+00
9476.0,4.369000e-13,1.000000,0.000000e+00
9478.0,5.184000e-13,1.000000,0.000000e+00
9480.0,6.090000e-13,1.000000,0.000000e+00
9482.0,7.084000e-13,1.000000,0.000000e+00
9484.0,8.155000e-13,1.000000,0.000000e+00
9486.0,9.281000e-13,1.000000,0.000000e+00
9488.0,1.044000e-12,1.000000,0.000000e+00
9490.0,1.160000e-12,1.000000,0.000000e+00
9492.0,1.272000e-12,1.000000,0.000000e+00
9494.0,1.377000e-12,1.000000,0.000000e+00
9496.0,1.480000e-12,1.000000,0.000000e+00
9498.0,1.584000e-12,1.000000,0.000000e+00
9500.0,1.698000e-12,1.000000,0.000000e+00
9502.0,1.828000e-12,1.000000,0.000000e+00
9504.0,1.975000e-12,1.000000,0.000000e+00
9506.0,2.140000e-12,1.000000,0.000000e+00
9508.0,2.312000e-12,1.000000,0.000000e+00
9510.0,2.455000e-12,1.000000,0.000000e+00
9512.0,2.557000e-12,1.000000,0.000000e+00
9514.0,2.620000e-12,1.000000,0.000000e+00
9516.0,2.647000e-12,1.000000,0.000000e+00
9518.0,2.640000e-12,1.000000,0.000000e+00
9520.0,2.602000e-12,1.000000,0.000000e+00
9522.0,2.536000e-12,1.000000,0.000000e+00
9524.0,2.446000e-12,1.000000,0.000000e+00
9526.0,2.334000e-12,1.000000,0.000000e+00
9528.0,2.206000e-12,1.000000,0.000000e+00
9530.0,2.063000e-12,1.000000,0.000000e+00
9532.0,1.911000e-12,1.000000,0.000000e+00
9534.0,1.750000e-12,1.000000,0.000000e+00
9536.0,1.584000e-12,1.000000,0.000000e+00
9538.0,1.413000e-12,1.000000,0.000000e+00
9540.0,1.237000e-12,1.000000,0.000000e+00
9542.0,1.054000e-12,1.000000,0.000000e+00
9544.0,8.642000e-13,1.000000,0.000000e+00
9546.0,6.704000e-13,1.000000,0.000000e+00
9548.0,4.821000e-13,1.000000,0.000000e+00
9550.0,3.093000e-13,1.000000,0.000000e+00
9552.0,1.651000e-13,1.000000,0.000000e+00
9554.0,5.853000e-14,1.000000,0.000000e+00
9556.0,2.657000e-15,1.000000,0.000000e+00
9558.0,2.340000e-15,1.000000,0.000000e+00
9560.0,2.068000e-15,1.000000,0.000000e+00
9562.0,1.849000e-15,1.000000,0.000000e+00
9564.0,1.645000e-15,1.000000,0.000000e+00
9566.0,1.472000e-15,1.000000,0.000000e+00
9568.0,1.321000e-15,1.000000,0.000000e+00
9570.0,1.208000e-15,1.000000,0.000000e+00
9572.0,1.132000e-15,1.000000,0.000000e+00
9574.0,1.094000e-15,1.000000,0.000000e+00
9576.0,1.079000e-15,1.000000,0.000000e+00
9578.0,4.198000e-15,1.000000,0.000000e+00
9580.0,1.473000e-14,1.000000,0.000000e+00
9582.0,2.792000e-14,1.000000,0.000000e+00
9584.0,4.378000e-14,1.000000,0.000000e+00
9586.0,6.256000e-14,1.000000,0.000000e+00
9588.0,8.443000e-14,1.000000,0.000000e+00
9590.0,1.096000e-13,1.000000,0.000000e+00
9592.0,1.382000e-13,1.000000,0.000000e+00
9594.0,1.702000e-13,1.000000,0.000000e+00
9596.0,2.055000e-13,1.000000,0.000000e+00
9598.0,2.437000e-13,1.000000,0.000000e+00
9600.0,2.843000e-13,1.000000,0.000000e+00
9602.0,3.262000e-13,1.000000,0.000000e+00
9604.0,3.682000e-13,1.000000,0.000000e+00
9606.0,4.090000e-13,1.000000,0.000000e+00
9608.0,4.477000e-13,1.000000,0.000000e+00
9610.0,4.847000e-13,1.000000,0.000000e+00
9612.0,5.220000e-13,1.000000,0.000000e+00
9614.0,5.617000e-13,1.000000,0.000000e+00
9616.0,6.059000e-13,1.000000,0.000000e+00
9618.0,6.555000e-13,1.000000,0.000000e+00
9620.0,7.100000e-13,1.000000,0.000000e+00
9622.0,7.681000e-13,1.000000,0.000000e+00
9624.0,8.206000e-13,1.000000,0.000000e+00
9626.0,8.615000e-13,1.000000,0.000000e+00
9628.0,8.884000e-13,1.000000,0.000000e+00
9630.0,9.020000e-13,1.000000,0.000000e+00
9632.0,9.031000e-13,1.000000,0.000000e+00
9634.0,8.928000e-13,1.000000,0.000000e+00
9636.0,8.720000e-13,1.000000,0.000000e+00
9638.0,8.425000e-13,1.000000,0.000000e+00
9640.0,8.051000e-13,1.000000,0.000000e+00
9642.0,7.613000e-13,1.000000,0.000000e+00
9644.0,7.123000e-13,1.000000,0.000000e+00
9646.0,6.594000e-13,1.000000,0.000000e+00
9648.0,6.037000e-13,1.000000,0.000000e+00
9650.0,5.458000e-13,1.000000,0.000000e+00
9652.0,4.862000e-13,1.000000,0.000000e+00
9654.0,4.248000e-13,1.000000,0.000000e+00
9656.0,3.610000e-13,1.000000,0.000000e+00
9658.0,2.945000e-13,1.000000,0.000000e+00
9660.0,2.263000e-13,1.000000,0.000000e+00
9662.0,1.588000e-13,1.000000,0.000000e+00
9664.0,9.623000e-14,1.000000,0.000000e+00
9666.0,4.206000e-14,1.000000,0.000000e+00
9668.0,1.162000e-15,1.000000,0.000000e+00
9670.0,1.064000e-15,1.000000,0.000000e+00
9672.0,9.509000e-16,1.000000,0.000000e+00
9674.0,8.226000e-16,1.000000,0.000000e+00
9676.0,6.913000e-16,1.000000,0.000000e+00
9678.0,5.683000e-16,1.000000,0.000000e+00
9680.0,4.687000e-16,1.000000,0.000000e+00
9682.0,3.955000e-16,1.000000,0.000000e+00
9684.0,3.404000e-16,1.000000,0.000000e+00
9686.0,2.974000e-16,1.000000,0.000000e+00
9688.0,2.619000e-16,1.000000,0.000000e+00
9690.0,2.287000e-16,1.000000,0.000000e+00
9692.0,1.985000e-16,1.000000,0.000000e+00
9694.0,1.758000e-16,1.000000,0.000000e+00
9696.0,1.570000e-16,1.000000,0.000000e+00
9698.0,1.419000e-16,1.000000,0.000000e+00
9700.0,1.268000e-16,1.000000,0.000000e+00
9702.0,1.132000e-16,1.000000,0.000000e+00
9704.0,1.019000e-16,1.000000,0.000000e+00
9706.0,9.283000e-17,1.000000,0.000000e+00
9708.0,8.453000e-17,1.000000,0.000000e+00
9710.0,7.698000e-17,1.000000,0.000000e+00
9712.0,6.966000e-17,1.000000,0.000000e+00
9714.0,6.362000e-17,1.000000,0.000000e+00
9716.0,5.842000e-17,1.000000,0.000000e+00
9718.0,5.381000e-17,1.000000,0.000000e+00
9720.0,4.943000e-17,1.000000,0.000000e+00
9722.0,4.536000e-17,1.000000,0.000000e+00
9724.0,4.189000e-17,1.000000,0.000000e+00
9726.0,3.879000e-17,1.000000,0.000000e+00
9728.0,3.600000e-17,1.000000,0.000000e+00
9730.0,3.336000e-17,1.000000,0.000000e+00
9732.0,3.087000e-17,1.000000,0.000000e+00
9734.0,2.875000e-17,1.000000,0.000000e+00
9736.0,2.679000e-17,1.000000,0.000000e+00
9738.0,2.506000e-17,1.000000,0.000000e+00
9740.0,2.332000e-17,1.000000,0.000000e+00
9742.0,2.181000e-17,1.000000,0.000000e+00
9744.0,2.038000e-17,1.000000,0.000000e+00
9746.0,1.909000e-17,1.000000,0.000000e+00
9748.0,1.796000e-17,1.000000,0.000000e+00
9750.0,1.683000e-17,1.000000,0.000000e+00
9752.0,1.585000e-17,1.000000,0.000000e+00
9754.0,1.487000e-17,1.000000,0.000000e+00
9756.0,1.404000e-17,1.000000,0.000000e+00
9758.0,1.321000e-17,1.000000,0.000000e+00
9760.0,1.245000e-17,1.000000,0.000000e+00
9762.0,1.177000e-17,1.000000,0.000000e+00
9764.0,1.109000e-17,1.000000,0.000000e+00
9766.0,1.049000e-17,1.000000,0.000000e+00
9768.0,9.962000e-18,1.000000,0.000000e+00
9770.0,9.434000e-18,1.000000,0.000000e+00
9772.0,8.906000e-18,1.000000,0.000000e+00
9774.0,8.453000e-18,1.000000,0.000000e+00
9776.0,8.000000e-18,1.000000,0.000000e+00
9778.0,7.623000e-18,1.000000,0.000000e+00
9780.0,7.238000e-18,1.000000,0.000000e+00
9782.0,6.875000e-18,1.000000,0.000000e+00
9784.0,6.543000e-18,1.000000,0.000000e+00
9786.0,6.226000e-18,1.000000,0.000000e+00
9788.0,5.932000e-18,1.000000,0.000000e+00
9790.0,5.653000e-18,1.000000,0.000000e+00
9792.0,5.381000e-18,1.000000,0.000000e+00
9794.0,5.132000e-18,1.000000,0.000000e+00
9796.0,4.898000e-18,1.000000,0.000000e+00
9798.0,4.679000e-18,1.000000,0.000000e+00
9800.0,4.468000e-18,1.000000,0.000000e+00
9802.0,4.272000e-18,1.000000,0.000000e+00
9804.0,4.083000e-18,1.000000,0.000000e+00
9806.0,3.902000e-18,1.000000,0.000000e+00
9808.0,3.736000e-18,1.000000,0.000000e+00
9810.0,3.577000e-18,1.000000,0.000000e+00
9812.0,3.426000e-18,1.000000,0.000000e+00
9814.0,3.283000e-18,1.000000,0.000000e+00
9816.0,3.147000e-18,1.000000,0.000000e+00
9818.0,3.019000e-18,1.000000,0.000000e+00
9820.0,2.891000e-18,1.000000,0.000000e+00
9822.0,2.777000e-18,1.000000,0.000000e+00
9824.0,2.664000e-18,1.000000,0.000000e+00
9826.0,2.558000e-18,1.000000,0.000000e+00
9828.0,2.460000e-18,1.000000,0.000000e+00
9830.0,2.362000e-18,1.000000,0.000000e+00
9832.0,2.272000e-18,1.000000,0.000000e+00
9834.0,2.181000e-18,1.000000,0.000000e+00
9836.0,2.098000e-18,1.000000,0.000000e+00
9838.0,2.023000e-18,1.000000,0.000000e+00
9840.0,1.947000e-18,1.000000,0.000000e+00
9842.0,1.872000e-18,1.000000,0.000000e+00
9844.0,1.804000e-18,1.000000,0.000000e+00
9846.0,1.736000e-18,1.000000,0.000000e+00
9848.0,1.675000e-18,1.000000,0.000000e+00
9850.0,1.615000e-18,1.000000,0.000000e+00
9852.0,1.555000e-18,1.000000,0.000000e+00
9854.0,1.502000e-18,1.000000,0.000000e+00
9856.0,1.449000e-18,1.000000,0.000000e+00
9858.0,1.396000e-18,1.000000,0.000000e+00
9860.0,1.351000e-18,1.000000,0.000000e+00
9862.0,1.298000e-18,1.000000,0.000000e+00
9864.0,1.253000e-18,1.000000,0.000000e+00
9866.0,1.215000e-18,1.000000,0.000000e+00
9868.0,1.170000e-18,1.000000,0.000000e+00
9870.0,1.132000e-18,1.000000,0.000000e+00
9872.0,1.094000e-18,1.000000,0.000000e+00
9874.0,1.057000e-18,1.000000,0.000000e+00
9876.0,1.026000e-18,1.000000,0.000000e+00
9878.0,9.887000e-19,1.000000,0.000000e+00
9880.0,9.585000e-19,1.000000,0.000000e+00
9882.0,9.283000e-19,1.000000,0.000000e+00
9884.0,8.981000e-19,1.000000,0.000000e+00
9886.0,8.679000e-19,1.000000,0.000000e+00
9888.0,8.377000e-19,1.000000,0.000000e+00
9890.0,8.151000e-19,1.000000,0.000000e+00
9892.0,7.849000e-19,1.000000,0.000000e+00
9894.0,7.623000e-19,1.000000,0.000000e+00
9896.0,7.396000e-19,1.000000,0.000000e+00
9898.0,7.162000e-19,1.000000,0.000000e+00
9900.0,6.943000e-19,1.000000,0.000000e+00
9902.0,6.732000e-19,1.000000,0.000000e+00
9904.0,6.528000e-19,1.000000,0.000000e+00
9906.0,6.332000e-19,1.000000,0.000000e+00
9908.0,6.143000e-19,1.000000,0.000000e+00
9910.0,5.955000e-19,1.000000,0.000000e+00
9912.0,5.781000e-19,1.000000,0.000000e+00
9914.0,5.608000e-19,1.000000,0.000000e+00
9916.0,5.442000e-19,1.000000,0.000000e+00
9918.0,5.283000e-19,1.000000,0.000000e+00
9920.0,5.132000e-19,1.000000,0.000000e+00
9922.0,4.981000e-19,1.000000,0.000000e+00
9924.0,4.838000e-19,1.000000,0.000000e+00
9926.0,4.702000e-19,1.000000,0.000000e+00
9928.0,4.566000e-19,1.000000,0.000000e+00
9930.0,4.438000e-19,1.000000,0.000000e+00
9932.0,4.309000e-19,1.000000,0.000000e+00
9934.0,4.189000e-19,1.000000,0.000000e+00
9936.0,4.075000e-19,1.000000,0.000000e+00
9938.0,3.962000e-19,1.000000,0.000000e+00
9940.0,3.849000e-19,1.000000,0.000000e+00
9942.0,3.743000e-19,1.000000,0.000000e+00
9944.0,3.645000e-19,1.000000,0.000000e+00
9946.0,3.547000e-19,1.000000,0.000000e+00
9948.0,3.449000e-19,1.000000,0.000000e+00
9950.0,3.358000e-19,1.000000,0.000000e+00
9952.0,3.268000e-19,1.000000,0.000000e+00
9954.0,3.177000e-19,1.000000,0.000000e+00
9956.0,3.094000e-19,1.000000,0.000000e+00
9958.0,3.011000e-19,1.000000,0.000000e+00
9960.0,2.936000e-19,1.000000,0.000000e+00
9962.0,2.853000e-19,1.000000,0.000000e+00
9964.0,2.785000e-19,1.000000,0.000000e+00
9966.0,2.709000e-19,1.000000,0.000000e+00
9968.0,2.642000e-19,1.000000,0.000000e+00
9970.0,2.574000e-19,1.000000,0.000000e+00
9972.0,2.506000e-19,1.000000,0.000000e+00
9974.0,2.438000e-19,1.000000,0.000000e+00
9976.0,2.377000e-19,1.000000,0.000000e+00
9978.0,2.317000e-19,1.000000,0.000000e+00
9980.0,2.257000e-19,1.000000,0.000000e+00
9982.0,2.204000e-19,1.000000,0.000000e+00
9984.0,2.151000e-19,1.000000,0.000000e+00
9986.0,2.098000e-19,1.000000,0.000000e+00
9988.0,2.045000e-19,1.000000,0.000000e+00
9990.0,1.992000e-19,1.000000,0.000000e+00
9992.0,1.970000e-19,1.000000,0.000000e+00
9994.0,1.970000e-19,1.000000,0.000000e+00
9996.0,1.962000e-19,1.000000,0.000000e+00
9998.0,1.902000e-19,1.000000,0.000000e+00
10000.0,1.887000e-19,1.000000,0.000000e+00
